中文名称,,英文名称,博物馆简介,地理位置,所属省份,所属城市,建造时间,占地面积,博物馆类别,联系电话,相关历史人物或故事,藏品种类,藏品数量,代表藏品名称,代表藏品基本信息,开放时间,门票价格,游玩时长,游玩季节,公交路线,经度,纬度,,,,,,,,,,,,,
洛阳博物馆,,LuoYang   Museum,现为国家一级博物馆、河南省优秀爱国主义教育基地。是一座集文物收藏、科学研究、陈列展览、社会教育与文化交流诸功能为一体的综合性博物馆。,洛龙区聂泰路,河南省,洛阳市,1958,200000,综合,0379-69901002,1958年5月，洛阳博物馆始建，原址位于洛阳洛南关林。是新中国成立后，地市级最早建立的博物馆之一。当时由于财政紧张，暂定关林庙为馆址，洛阳市文物管理委员会与博物馆合署办公，编制14人，关林庙的大殿和厢房辟为展厅。,汉唐陶俑、唐三彩、石刻、书画、王绣牡丹艺术、牡丹花都特产,400000,东汉石辟邪,高1.9米、长2.9米，重达8吨，是全国所有出土的石辟邪中体型最大、最完整的。此辟邪为光武帝原陵神道一侧的石刻，用完整的一块青石雕成，身若虎豹，头类狮子，嘴大牙锐，身长双翼，昂首怒目，长尾拖地，双角直竖，造型非常奇特，似有正欲起飞之感,09：00-16:30（每周一休馆维护）,免费,3-4小时 ,四季皆宜,在市区乘坐37、49、68路公交车，在“聂湾南”站下车后，再沿着唐聂七街向东步行约10分钟即到。或乘坐77路公交车，在“洛阳博物馆”站下车后，再向西走到聂泰路口转向北，步行约15分钟可到。,112.4579925,34.64963036,,,,,,,,,,,,,
洛阳周王城天子驾六博物馆,,The Sixth Museum of Emperor's Driver in King Zhou City ,洛阳周王城天子驾六博物馆位于河南省洛阳市西工区中心的东周王城广场，东周王城遗址区的东北部，是一座以原址保护展示的东周时期大型车马坑为主体，辅展以东周王城概况、王陵考古的新发现及部分东周时期珍贵文物的“王城、王陵、王器”专题博物馆。,西工区,河南省,洛阳市,"
2002",1700,历史,0379-63912399,"
20世纪50年代，洛阳一期城市总体规划有意避开了东周王城遗址和隋唐洛阳城遗址，为洛阳市的遗址保护作出了巨大的努力。2000年，东周王城遗址被列为省重点文物保护单位。2002年，“天子驾六”车马坑的发现，开启了洛阳市对文物遗址保护的新尝试，不仅对“天子驾六”车马坑进行原址保护，还对同时发现的其他陪葬坑就地回填；2006年，唐宫西路小学综合楼在建设过程中，发现了21座中型古墓葬和2座车马坑，采用原址建馆的方式进行保护。",车马坑，墓葬，粮窖,800,“天子驾六”车马坑 ,在前期文物钻探和考古发掘过程中，在1.6万平方米的范围内发现了18座车马坑和近400座墓葬；在另外的1.4万平方米的广场用地范围内探明11座车马坑和200余座墓葬。其中在一座长42米、宽7.2米的最大车马坑内，清理出6匹骏马驾一车的遗迹，印证了古文献中有关夏、商、周时期“天子驾六”的说法,夏季8:00-22:00，冬季8:00-18:30提前半小时停止售票。,成人票30元。                            身高1.4米以下儿童和70岁以上老人（凭证）免费。                       60-70岁老人和学生凭证半价。,2-3小时,四季皆宜,火车站乘5、48、56、81路到王城广场（路南是王城广场，路北是天子驾六博物馆）。也可在市内乘坐18、9、103、101、22路公交可到。,112.4439015,34.67980565,,,,,,,,,,,,,
八路军驻洛办事处纪念馆,,The Commemorithion of the Office of the Eight Route Army of Luoyang ,八路军驻洛办事处纪念馆，简称洛八办纪念馆，创立于1985年5月，原址为始建于1938年的八路军驻洛办事处（八路军驻洛办事处则建于1831年建成的一所宅院），是为了纪念八路军驻洛阳办事处而以其旧址为依托成立的一座革命纪念馆，该馆也是洛阳市唯一的一处对外开放的革命旧址纪念馆。,老城区九都东路222号 ,河南省,洛阳市,2002,4388,革命,0379-63952409,民国二十七年（1938年）7月，中共中央在延安开始“洛八办”筹备工作。滕代远、罗瑞卿推荐军委统战部的负责人刘向三担任办事处的处长。8月，中共河南省委军事部长兼统战工作委员会主任彭雪枫以八路军总部少将参谋长的身份来到洛阳，向国民党第一战区司令长官程潜提出我军在洛设立办事处的要求。同年十月，刘向三与五十多位同志到达洛阳，设立“八路军驻洛通讯处” 。不久，通讯处改为办事处，“国民革命军第十八集团军驻洛办事处”正式建立。,革命文物、书籍及部分照片,459,“第十八集团军”证章,八路军驻洛办事处纪念馆内有“第十八集团军”证章2枚。圆形，铜质。一为“廿八年用”（民国二十八年（1939年）），正面号码271。一为“廿九年用”（民国二十九年（1940年）），正面号码88。两枚证章的字面设计是不--样的，这是八路军当时佩戴的证件,"夏：上午8:30—12:00 下午15:00—18:00
冬：上午8:30—12:00 下午14:30—17:30
周一闭馆。",免费,3-4小时,四季皆宜,乘坐洛阳公交16路、17/k17路、23路、57路至九都东路南门口街口站,112.4879422,34.68287003,,,,,,,,,,,,,
定鼎门遗址博物馆,,Dingdingmen Site Museum ,定鼎门遗址，世界文化遗产，是隋唐和武周时期都城洛阳城外郭城正门，隋初名建国门，唐时更名定鼎门，位于隋唐洛阳城中轴线上。隋炀帝营建东都洛阳，次年迁都洛阳，成为第一个通过定鼎门的皇帝。之后，定鼎门相继被唐、后梁、后唐、后周和北宋定为洛阳外郭城正门，直到北宋末年，才逐渐废弃，定鼎门作为郭城南垣正门的时间长达530年，是迄今为止我国发现沿用时间较长的古代都城城门。,洛龙区关林镇曹屯村和 安乐镇赵村之间 ,河南省,洛阳市,"
2009","
4000000 ",历史,0379-80881315,定鼎门是隋唐都城洛阳城外郭城正门，位于隋唐都城洛阳城中轴线上。公元605年，即隋大业元年，为进一步控制关东和江南地区，隋炀帝杨广敕命营建东都，每月征发全国工匠200万人。公元606年年初，一座规模宏大的都城拔地而起，这就是当时的东都——洛阳城。自隋炀帝迁都至此，隋炀帝迁都洛阳，成为第一个通过定鼎门的皇帝。该城作隋都15年，相继为唐、后梁、后唐、后周等朝代的都城，武则天称其为神都，后人称其为隋唐洛阳城。之后，定鼎门相继被唐、后梁、后唐、后周和北宋定为外郭城正门，直到北宋末年，才逐渐废弃。,定鼎门，丝绸之路,暂无,定鼎门,鼎门遗址博物馆外观为仿唐城门，由城门、城墙、城楼和阙楼组成。其中城台、城墙、阙台内部为遗址保护和展示区，考古发掘出土的定鼎门遗址门道、柱础石等将在这里得到原址保护展示;城楼、阙楼内部空间为陈列展览区，主要展示定鼎门遗址的演变历史和隋唐洛阳城在考古发掘中出土的部分文物。,周二至周日 9:00-17:00 ，           16:00 停止售票，周一闭馆。,30元/人次，持士兵证、军官证、全日制学生证、残疾人证、离休证、70岁以上的老年人，可以免费参观。1.4米以下儿童免票。,3-4小时,四季皆宜,乘坐公交15、33、53、55、58、69、76、97路，在（洛阳国际学校）站下车,112.4784134,34.6625876,,,,,,,,,,,,,
洛阳民俗博物馆,,Luoyang Folk Museum,洛阳民俗博物馆位于洛阳市新街南端，是中国专题性博物馆。是在全国重点文物保护单位——潞泽会馆古建筑群的基础上兴建而成。潞泽会馆，因祀关羽又名关帝庙，为清乾隆九年(1744)所建。现有舞楼、钟鼓楼、穿房、廊房、正殿、后殿、配殿等，是一组结构严谨、风格独特的古建筑群。1981年建为豫西博物馆，1987年改为洛阳民俗博物馆，次年对外开放。,河区新街433号,河南省,洛阳市,1981年,15750,文化,0379-63951064,是一座以弘扬河洛文化、展示民俗风情为主的专题性博物馆，该博物馆是在古建筑群潞泽会馆的基础上组建成的。潞泽会馆始建于清代乾隆九年（公元1744年），系山西潞安府（今长治）、泽州府（今晋城）两地商人集资所建，主要用于同乡商人传递信息和物资集散，是晋商文化的产物。整个古代建筑群层次分明，结构严谨，占地面积15750平方米，是中原地区保存完整、规模宏伟的古建筑群之一，在建筑设计和营造法式上集清代河南地方建筑技术之大成，是中原地区清代地方古代建筑杰出的典范，其建筑装饰艺术十分考究，木雕和石雕作品非常精美，堪称中原地区雕刻艺术宝库中一束光彩夺目的奇葩。,民间工艺、婚俗、寿俗、信俗,3053,明代三世佛,夹纻贴金工艺，高3.5米，造型优美，工艺考究,夏上午8:30:—12:00 下午13:00—17:30　冬上午8:30—12:00 下午13:00—17:00,免费,2-3小时,四季皆宜,机场距离景区12公里 出租车火车站距离景区公里 53公里 5路公交车市中心距离景区 3.5公里 9路、5路、17路、22路公交车近九都路与 新街路交叉,112.4960515,34.68534807,,,,,,,,,,,,,
老洛阳匾额博物馆,,Old Luoyang plaque Museum ,洛阳匾额博物馆是全国第一个以收藏、展示和保护历代匾额为主的国有匾额专题博物馆。现已从洛阳民俗博物馆馆藏的1725块匾额中遴选出各类精品匾额500余块，分别辟为功德声望厅、贞节贤孝厅、官府门第厅、婚喜寿庆厅、医德教泽厅、寺庙宗祠厅、书斋堂号厅、精品匾额厅8个陈列展厅。这些匾额时间跨越明代、清代、民国等历史时期，最早可至明代天顺年间，具有重要的文物价值、历史价值和艺术价值。,"
洛阳新街以东、九都路以北、洛阳民俗博物馆以西",河南省,洛阳市,2009/4/11,3160,历史,0379-63951064,作为一种集书法、文学、雕刻艺术和装饰美学于一体的传统文化载体，匾额被广泛应用于社会生活的方方面面，因其用辞雅致，书法精美，雕刻细致，具有很高的艺术价值和历史价值，历来深受人们的喜爱。2009年4月11日，全国第一座匾额专题博物馆——洛阳匾额博物馆正式对外开放，共展出洛阳民俗博物馆征集的明代天顺六年（公元1462年）至民国时期各类匾额300余块，每块匾额都配有“匾文”和“释文”解说牌。,匾额,1700,"
“质直好义”匾额",暂无,"上午8:30—12:00
下午13:00—17:30（夏季），13:00—17:00（冬季）
周二到周日开放，周一闭馆（周一逢节假日开放）
",免费,1-2小时,四季皆宜,22路，7路，17路,112.4954081,34.68510252,,,,,,,,,,,,,
洛阳老子纪念馆,,Luoyang Laozi Memorial Hal,洛阳市为纪念我国古代这位伟大的哲学家和思想家，将老城区北大街的全国重点文物保护单位洛阳祖师庙筹建老子纪念馆。2012年9月28日，洛阳老子纪念馆（原洛阳祖师庙）正式开馆，目前国内唯一的老子文化的专题性展览馆，也是全国最大的老子文化专题纪念馆。,老城区北大街,河南省,洛阳市,"
2012年9月28日 ",1700,"
文化",0379-63952750,走进大殿，一座高约2.4米的老子雕像首先映入眼帘。这尊雕像面容丰满，体态潇洒，服饰飘逸，旁边还站立着两名“童子”。大殿四周的墙壁上是刚刚绘制完成的壁画，壁画描绘了老子的一生，包括老子出生、拜师、在洛阳担任守藏史、著《道德经》、西出函谷关等经历。,老子文化,暂无,老子雕像,中国古代思想家、哲学家、文学家和史学家，道家学派创始人和主要代表人物，与庄子并称“老庄”。在道教中被尊为始祖，称“太上老君”。在唐朝，被追认为李姓始祖。曾被奉为世界文化名人，世界百位历史名人之一。老子思想对中国哲学发展具有深刻影响，其思想核心是朴素的辩证法。在政治上，老子主张无为而治、不言之教。在权术上，老子讲究物极必反之理。在修身方面，老子是道家性命双修的始祖，讲究虚心实腹、不与人争的修持。,周二 — 周六，周一闭馆,免费,2-3小时,四季皆宜,"30路、34路、53路、86路、90路、恒大专线
",112.4846203,34.69590357,,,,,,,,,,,,,
洛阳周公庙博物馆,,Luoyang Zhougong Temple Museum,周公庙始建于隋末唐初，是纪念周公姬旦的祠庙。周公姬旦是西周时期思想家、政治家、军事家、中国儒家思想的奠基人。他曾协助武王治国灭商，营建洛邑成周，辅佐成王定鼎郏鄏、制礼作乐。周公庙亦称元圣庙，为全国三大周公庙之一，也是周公后裔150余姓寻根问祖、祭祀祖先的圣地。唐、明、清和民国年间曾先后重修和扩建。,"
洛阳市老城区定鼎南路与凯旋东路交叉口东100米 ",河南省,洛阳市,1989年,33333,"
文化",0379-65277005,"洛阳周公庙是纪念西周时期著名的政治家、军事家、思想家、古代洛邑的缔造者、中国儒家思想的奠基人周公姬旦的祠庙。周公曾协助武王伐纣灭商、辅佐成王摄政、东征平定叛乱、营建洛邑并制礼作乐，使中国成为礼仪之邦。由于周公开创了千秋伟业，被后世奉为天下第一圣人——“元圣”。
 ",周公史迹,暂无,周公解梦碑刻,洛阳公庙内明代所建定鼎堂的西山和后墙上，镶嵌有《周公解梦》碑石，内容共二十七章，刊在十四块碑石上。每块碑高一百二十五厘米，宽四十五厘米。碑刻为楷书，清秀隽雅，很耐观赏。从碑文内容比较一洛阳周公庙刻石与三义堂藏版极为相近。,周一闭馆，周二-周日：8:30-17:00,免费,2-3小时,四季皆宜,市内乘4、5、8、9、26、53、81路公交车定鼎南路与凯旋路交叉口下车,112.468941,34.68228125,,,,,,,,,,,,,
洛阳古代艺术博物馆,,"
Luoyang ancient art museum ",洛阳古代艺术博物馆原名洛阳古墓博物馆，占地面积130余亩，建筑面积8200余平方米，由一组仿汉代建筑群和一组仿北魏建筑群组成，整个地面建筑之间，广植花草树木，间设假山水池，堪称公园式博物馆，1987年建成开放。,老城区机场路45号 ,河南省,洛阳市,1987年 ,86666,"
历史",0379-62265737,自古有“北邙山头少闲土，尽是洛阳人旧墓”之说的洛阳北邙山及周边地区，历代古墓葬 星罗棋布，在此基础上应运而生的专题性博物馆——洛阳古墓博物馆，其面积之大、风格之别致、收集古墓年代之久、类型及数量之多均属世界首位，是中国一大绝观。因此，洛阳古代艺术博物馆又是我国最大的古墓博物馆之一，同时也成为世界上第一座古墓博物馆。,墓葬，壁画,600,礼佛图,　整组画面以工笔彩绘人物、花卉、翎毛、山石为主。画面人物众多，人高1米有余，东西山壁画各近30人左右，神情各异，形象逼真，均汉人装束，服饰发型早于清代。整组壁画画风细腻，线条充满张力，在60平方米的画面上无重笔、余笔、败笔，显见画家深厚的艺术功底,"
周一闭馆，周二至周日：夏季 9:00-17:00，冬季 9:00-16:30。",免费,3-4小时,四季皆宜,"
从洛阳站乘83路公交车，在“洛阳古代艺术博物馆”站下车即可",112.0994907,34.14574302,,,,,,,,,,,,,
河南古代壁画馆,,Henan ancient mural Museum,河南古代壁画馆位于河南洛阳古代艺术博物馆院内，河南古代壁画馆是河南省第一座以墓葬壁画为陈列内容的专题性展馆。其主体建筑为仿汉代阁楼式建筑，建筑面积2300平方米，2011年11月开馆,"
洛阳古代艺术博物馆院内 ",河南省,洛阳市,"
2011年11月 ","
2300",文化,0379-62265737,河南古代壁画馆是全国首家专题性古代壁画馆。据介绍，该馆展示的壁画涵盖天文、地理、神灵等，堪称一部用图像写就的中国历史。既有展现宫廷出行仪仗的壁画，又有反映“王祥卧冰”等“二十四孝”的民间内容的壁画。这些壁画形象清晰，题材内容宽广，是中国古代绘画艺术遗产的重要组成部分，具有其他典籍资料无法替代的历史文化价值。,壁画，彩绘雕砖,100,七彩华章——河南墓葬壁画,“七彩华章——河南墓葬壁画”位于壁画馆地下一层，陈展面积700平方米，是展出的核心部分。该展厅以壁画实物为主，按时间顺序，展示河南省（目前主要是洛阳地区）出土的墓葬壁画，展区内共展出西汉、新莽、东汉、北魏、唐、五代、宋、金等8个朝代（时期）的15座墓中的53组90余幅壁画和彩绘雕砖，壁画墓的墓主人身份多样，上至皇帝、嫔妃、达官贵人，下至地方小吏、普通百姓。,周一闭馆，周二至周日：夏季 9:00-17:00，冬季 9:00-16:30。,免费,2-3小时,四季皆宜,从洛阳站乘83路公交车，在“洛阳古代艺术博物馆”站下车即可,112.421723,34.738546,,,,,,,,,,,,,
洛阳隋唐大运河博物馆,,Grand Canal Museum of Sui and    Tang Dynasties in Luoyang,"洛阳隋唐大运河博物馆位于河南省洛阳市，是依托洛河北岸的全国重点文物保护单位——古建筑群山陕会馆筹建而成的。
",洛阳九都东路171号 ,河南省,洛阳市,"
2014年4月 ",暂无,"
文化",0379-63532448  0379-63483078,"
洛阳山陕会馆始建于清康熙雍正年间，现有琉璃照壁、东西仪门、山门、东西僧房、舞楼、东西廊房、东西官厅、拜殿、正殿、东西配殿，是一组结构严谨、风格独特的古建筑群，是清朝初年山西、陕西商人为经商方便，在洛阳古运河（今洛河）北岸边、紧邻洛阳当时的南关码头和洛汭严关，集资筹建的经商聚会场所。","
洛阳与大运河的关系",暂无,"
大运河水系浮雕图",为让游客更加清晰地了解大运河的分布和流向，洛阳隋唐大运河博物馆还在会馆中央广场上，制作了一块150平方米左右的大运河水系浮雕图。在浮雕图上，大运河的流向及其沿线城市一目了然。,周二至周日 9:00:—17:00   ,免费,1-3小时,四季皆宜,乘公交7路、16路、17路、23路、57路到九都东路南门口街口站下可到,112.488457,34.68176898,,,,,,,,,,,,,
偃师商城博物馆,,Shangcheng Museum in Yanshi ,偃师商城博物馆(Shangcheng Museum in Yanshi)是中国历史类专题博物馆。位于河南省洛阳市偃师市城西南。1985年10月兴建，1987年4月建成开放。该馆主体建筑为一座“四阿重屋”式仿古宫殿建筑群，殿堂居中，廊庑相连，青砖青瓦。古朴典雅，院内苍松翠柏，繁华似锦，古色古香，景色宜人。馆址占地面积约16000平方米，建筑面积3100平方米，展室面积1100平方米，1985年10月动工兴建，1987年4月建成,偃师市商都东路52号 ,河南省,洛阳市,1987/4/1,"
16000",历史,0379-67711935,"偃师商城博物馆是中国唯一一座集夏商研究、陈列、宣传为主的历史类专题性博物馆，
馆址位于偃师市区西南隅，偃师商城遗址东100米处。馆舍为殿堂居中，廊庑相连的仿古宫殿建筑群，于1987年落成并正式对外开放。占地面积16000平方米，建筑面积5500平方米，展室面积2500平方米，展线长度470米，馆藏文物两万余件（套）。馆内拥有科学的管理体系，丰富的陈列内容，新颖的陈列形式，完善的服务设施和优美的欣赏环境，堪称“豫西明珠，华夏宝库”。",青铜器、玉器、象牙器、骨器、金银器、漆器、陶器等。,20000,乳钉纹青铜爵,二里头文化（约公元前21世纪-前13世纪）后期。饮酒器。高22.5厘米，宽31.5厘米。 1975年河南省偃师市二里头出土，现藏洛阳博物馆。长流尖尾，束腰平底，三锥足细长。流折处有两钉形短柱。腹部一面有凸线两道，两线之间横列五枚乳钉装饰。器壁甚薄。,夏上午8:30:—12:00  下午15:00—18:00　冬上午8:30—12:00   下午14:30—17:30,免费,3-4小时,四季皆宜,在洛阳坐至偃师的长途车，到偃师博物馆下车即到。,112.7866422,34.73191345,,,,,,,,,,,,,
新安县博物馆,,Xin'an County Museum,新安县博物馆位于新城世纪广场东侧，博物馆为四层框架结构，建筑面积4100多平方米，具有较强的文物保护和展示功能。,"
新安县新城世纪广场",河南省,洛阳市,"
2002年7月2日",4100,文化,0379-67293069,为更好地展示利用文物资源，服务“两个文明”建设，新安县委、县政府2002年7月2日正式动工兴建投资380万元的新安县博物馆。,唐三彩、瓷器、青铜器,5000,唐三彩,中国古代陶瓷烧制工艺的珍品，全名唐代三彩釉陶器，是盛行于唐代的一种低温釉陶器，釉彩有黄、绿、白、褐、蓝、黑等色彩，而以黄、绿、白三色为主，所以人们习惯称之为“唐三彩”。因唐三彩最早、最多出土于洛阳，亦有“洛阳唐三彩”之称,"9:00—17:00，周二到周日开放
周一闭馆（周一逢节假日开放）",免费,2-3小时,四季皆宜,701路，702路，990路,112.1410122,34.73146787,,,,,,,,,,,,,
新安县千唐志斋博物馆,,Qiantang zhizhai Museum of Xin'an County,千唐志斋博物馆位于洛阳新安县铁门镇西北隅，是辛亥革命元老张钫先生所建，为全国重点文物保护单位、国家AAAA级旅游景点、国家二级博物馆、中国唯一的墓志铭博物馆，以珍藏唐及历代墓志石刻一千四百余件而闻名于世，章炳麟曾用古篆为之题额《千唐志斋》。千唐志斋是研究唐代三百年文治武功和书法艺术的史料宝库，因其丰富的内涵被誉为“石刻唐书”、“唐书法演变史”等。,新安县铁门镇 ,河南省,洛阳市,2017年,15389,"
历史",0379-69729800,在十三朝朝古都洛阳以西45公里处，有一个风光旖旎、山明水秀的地方——铁门镇。这里西扼崤岭，东控函谷，已有千年历史，被章太炎誉为“当关洛孔道”。这里青龙、凤凰两山对峙，一肪涧水潺潺东流，素有洛阳西大门之称。,文章、书法、篆刻,1419,张子温墓志,"志盖为民国书法大家、西冷印社首任社长吴昌硕篆书,末尾于右任题记:“此盖篆就,吴仓老自矜为生平第一。此志不朽,老伯不朽,皆兄之孝心所感也,其珍惜之。伯英兄。于右任。”志文则有两方刻石,内容相同,一方中间断裂,一方完整,是因第一方墓志镌刻完毕,在搬运过程中石头裂为两片。于右任于是再次为其书写。两方志石同时镶嵌在墙壁之上.","每天8:00-17:00,每逢周一、除夕闭馆",免费,2-3小时,四季皆宜,703路，新安712路,112.027618,34.74373797,,,,,,,,,,,,,
张钫纪念馆,,Zhang Fang Memorial Hall,张钫纪念馆是一座布局严谨、独具特色的民国民居建筑群，占地4200平方米、有120余间。按照张钫的人生阶段，被分为12个展厅。张钫后人捐赠的数百件张钫遗物，被分散摆放在多个展厅。张钫印鉴、抗战胜利纪念章及张钫手书的《孙子笔法》、穿过的大棉袄、家传的象牙筷……这些旧物带着历史的味道，真实还原了张钫的一生。,新安县铁门镇,河南省,洛阳市,2011/10/10,4200,革命,0379-69729800,"他是辛亥革命元老，著名爱国将领、民主人士，千唐志斋创始人，曾任陕西“靖国军”副总司令，历任国民革命军二十路军总指挥、河南省民政厅、建设厅厅长、代主席等职。
1986年，他魂归故里，长眠于千唐志斋之侧。纪念馆由此诞生。
张钫纪念馆占地4200平方米，有房屋120余间，是一座布局严谨、独具特色的民国民居建筑群。纪念馆按照张钫的人生阶段，被分为12个展厅。数百件张钫遗物被分散摆放在多个展厅。张钫印鉴、抗战胜利纪念章及张钫手书的《孙子兵法》、穿过的大棉袄、家传的象牙筷等旧物带着历史的味道，真实还原了张钫的一生。",张钫事迹,暂未找到,张钫遗物,张钫后人捐赠的数百件张钫遗物，被分散摆放在多个展厅。张钫印鉴、抗战胜利纪念章及张钫手书的《孙子笔法》、穿过的大棉袄、家传的象牙筷……这些旧物带着历史的味道，真实还原了张钫的一生。,9:00—17:00，全年开放,成人票价20元/人,2-3小时,四季皆宜,703路，新安712路,112.02823,34.742633,,,,,,,,,,,,,
栾川常氏石刻艺术博物馆,,Luanchuan Chang's stone carving art museum,　常氏石刻艺术馆位于栾川县城，始建于2003年，总面积2.08亩，总投资15万元。该馆于1985年3月被公布为栾川县重点文物保护单位，2008年6月被公布为河南省重点文物保护单位。,栾川县,河南省,洛阳市,2003年,1386,历史,暂无,馆内现存36块石刻，是民国时期历任河南省建设厅厅长、财政厅厅长、中央军事参议院中将参议、国民参政会参政员等要职的常志箴，邀请林森、于右任、张学良等国民党原军政要员、书法名流，为其母关太夫人墓园撰写的楹联、墓表、题词的书法石刻真迹，是目前国内保存民国时期国民党军政要员题词较为集中完整的馆所，是在由文言向白话转换、繁体向简体过渡的特定条件下的文化遗产。,石刻,36,暂无,暂无,9:00—17:00，全年开放,免费,2-3小时,四季皆宜,暂无,111.6224267,33.79182246,,,,,,,,,,,,,
洛阳警察博物馆,,Luoyang Police Museum,  洛阳警察博物馆是社会各界全面了解洛阳公安工作的重要窗口，密切警民关系的桥梁，同时更是青少年法制教育、爱国主义教育的重要基地之一。博物馆设有洛阳公安史区、警种职能区、刑事侦查区和公安英烈区，全方位、多角度地展示洛阳公安所走过的艰辛历程以及自改革开放以来在维护洛阳稳定、保护人民安全、打击违法犯罪和维护法律尊严等方面做出的突出贡献。,西工区体育场路市公安局二楼 ,河南省,洛阳市,"
2005年4月29日 ","
400","
行业",0379-63133276,"
洛阳警察博物馆——坐落于洛阳市公安局二楼的洛阳警察博物馆开馆于2005年4月29日，博物馆设有洛阳公安史区、警种职能区、刑事侦查区和公安英烈区，全方位、多角度地展示洛阳公安所走过的艰辛历程以及自改革开放以来在维护洛阳稳定、保护人民安全、打击违法犯罪和维护法律尊严等方面做出的突出贡献。",警徽，警衔,1500,仿铜浮雕,长15米，宽3米，幅浮雕是以方形和直角为主，浮雕的中间镶着庄严地国徽，下面是人名警察誓词。浮雕象征着坚强、勇敢的人民警察对党和人民的热爱和忠诚,9:00—17:00，全年开放,免费,2-3小时,四季皆宜,市内乘坐8路、20路、26路、33路,112.45184,34.67560054,,,,,,,,,,,,,
洛阳日记博物馆,,Luoyang diary Museum,洛阳日记博物馆是我国第一个关于日记笔记的专题性博物馆，也是目前为止规模最大的日记博物馆，由闻名全国的“日记狂人”寇广生捐建，目前馆址定为洛阳市第一高级中学。,"
洛阳市第一高级中学",河南省,洛阳市,2013/10/14,暂无,行业,18623758651,"洛阳日记博物馆建成后将承担两大职能，一是面向全国日
记爱好者征集藏品，作日记史料的展示保护研究，
二是面向社会各界尤其是中小学生感受日记
文化倡导日记写作。","古今中外名人等的日记出版物、手
稿2000多册",6000,开国大典日记手稿,暂无,9:00—17:00，全年开放,免费,1小时内,四季皆宜,"乘31、44、72路公交车到
学府街关林路口南站下车，
乘57路公交车到学府街关林
路口站下车",112.4594213,34.62426278,,,,,,,,,,,,,
河洛古代石刻艺术博物馆,,Luoyang Ancient Stone Carving Art Museum,　该馆收藏、展览的古代石刻精品蕴含着民族精神、哲学智慧及科学思想，能给人以启迪和艺术享受，也为该校学生及社会人士了解中国传统文化、感受河洛文明搭建了一座平台。,"洛阳市洛阳师范学
院伊滨校区图书馆一楼",河南省,洛阳市,2019/9/10,暂无,行业,13938807053,"馆藏隋唐墓志提供了大量古代政治、经济、文化等方面的
新史料，成为史学家研究的新热点","墓志展区；鸳鸯志，主要展出夫妻
墓志古代石刻艺术品；古代明器",4473,颜真卿所书《王琳墓志》,"志全称《唐故赵郡君太原王氏墓志铭并
序》，石灰岩质，纵90厘米、横90.5
 厘米。四侧刻云纹饰，唯下侧有“开
元廿九年记”数字。志全文32行，满
行32字，有浅界格。",9:00—17:00，全年开放,免费,1-2小时,四季皆宜,"市内乘坐33路、53路、57
路、58路、81路",112.613118,34.635089,,,,,,,,,,,,,
洛阳碑志拓片博物馆,,Luoyang monument rubbing Museum,博物馆采取碑志和拓片相结合的陈列方式，将灿烂辉煌的中华文明、光彩夺目的河洛文化，多角度、多侧面的展现给世人大众。,"洛阳市洛龙区龙门
石窟入口处",河南省,洛阳市,"
2012年4月 ",1000,历史,13938889072,"千年帝王都，形胜绝佳地，自古钟灵毓秀，人文荟萃。洛
阳位于中国中州腹地、是古人认为的“天下之中”
有4000余年的建城史；以洛阳为中心的河洛地
区是华夏文明的主要发祥地。为中国四大古都之首
；自夏朝开始先后有13个王朝在此建都，“河图洛书”在此诞生“儒、释、道、玄、理”肇始于此；丝绸之路与隋唐大运河以洛阳为起点，邙山古墓群与天子驾六震惊世界；洛阳是中国优秀旅游城市和文明城市。洛阳丰富的文化遗存，深厚的文化积淀，形成了洛阳独特的历史文化风貌，中国（洛阳）碑志拓片博物馆更是展示洛阳历史文化和中国碑志书法的艺术殿堂",碑刻，墓志铭,3000,"
《升仙太子碑》",升仙太子碑，作者武则天，唐朝女皇帝。碑高6.70米，宽1.55米，厚0.55米，盘龙首龟座高1.3米。碑文创作于699年，记述周灵王太子晋升仙故事；共有34行，武则天亲书包括碑额在内的2129字，薛稷题写上下款33字，总字数2162字。,"夏季 9:00-18:30，冬季 9:00-18:00
全年开放（周一闭馆）",免费,2小时内,四季皆宜,"市内可乘坐2路; 16路; 23路
 33路; 36路; 62路到王城广场南站下，或乘坐4路; 5路; 9路; 18路内环; 18路外环; 21路; 48路; 56路; 59路; 61路; 81路; 86路; 101路电车到王城广场东站下车，然后步行至人民东路1号。",112.451692,34.67840229,,,,,,,,,,,,,
洛阳围棋博物馆,,"
Luoyang Weiqi Museum ","
洛阳围棋博物馆是洛阳市首批民营博物馆之一，是我国第一个关于围棋文化的专题性博物馆，也是规模最大的围棋文化博物馆。","洛阳市老城区机场
路12号",河南省,洛阳市,"
2012年 ",20000,文化,0379-62268268,"洛阳是中国围棋的发源地之一，出土了大量与围棋有关的
文物遗存，例如定鼎门遗址的出土文物中就包含
大量唐代围棋子，而在老城新街，还出土过大量宋代
制作棋子时所遗留的带冲孔贝壳，这些都可以证明，洛阳
在古代就是围棋活动及生产的重地。","外围棋名人的画像、文史资料、经
典棋谱；棋具、奖杯、奖状以及与
围棋相关、具有收藏价值的书画、
诗词、民间工艺品",30000,"
汉代手磨石头棋子",东汉时代石棋盘，说是象棋吧，象棋十字在中间；说是围棋吧，又多了两个斜线，而且这盘上有米字，还有一道斜线，所以这是待研究的盘。北京出土了一套汉代的汉白玉棋盘带棋子，据说那是目前出土最高档的，正面是围棋盘，反面就类似这个博局，说明这在当时也是很盛行的游戏。汉代手磨玉石围棋，是国宝级的东西，非常珍贵，这些手磨的痕迹非常清楚。据说，当时，老百姓下棋时，用的多是大小相似、深浅不一的小石子；而达官贵人用的棋子和棋盘，既能放平稳又美观，下棋还能得心应手，这是很不容易做到的，全国都很少见，这是全国仅有的几枚手磨痕迹最明显的玉石围棋子,"上午9:00-11:30，下午14:30-16:30
全年开放（周一闭馆）",免费,1小时内,四季皆宜,暂无,112.4339805,34.71511648,,,,,,,,,,,,,
洛阳周氏银器博物馆,,"
Luoyang Chow silverware Museum ",洛阳周氏银器博物馆位于十三朝古都洛阳市的涧西区，是我国第一个银器类的专题性博物馆，是全国唯一一家收藏古代银器最齐全的博物馆。洛阳周氏银器博物馆藏品3000余件套，展品远溯战国汉唐、近揽明清民国。博物馆展品丰富、品种齐全、工艺精湛、富丽典雅，旨在人们进一步认识和了解中国银器文化的内涵和民俗特色。,"洛阳市涧西区南昌
路顺驰城1号",河南省,洛阳市,"
 2012年4月 ",500,"
历史",0379-64618887,"这些展品，或地藏或传世，经历了千百年的人世变迁，
黒锈斑斑，银光闪闪，带着古老的风韵，带着当年
的辉煌，明显的时代烙印，浓厚的生活气息，绝美的
工艺表现，无不体现着中国民间银器的无限风采。它们
是中华民族银器文化的缩影；是华夏银器文化原貌
的复活，是一部历史的绝美画卷。",银器,3000,"明代龙凤纹酒壶

","此壶重955克，高32厘米，以凤头
为嘴、龙身为把手，形成了“龙凤
呈祥”之景观；壶嘴、壶把之间的
一条小龙与龙把上的龙头相对，恰
似“二龙戏珠”的图案；壶腹中间
的镂雕银质“寿”字和圈外的5只
蝙蝠环抱，组成了“五蝠捧寿”的
画面；腹中“寿”字与紫檀木外圈
的24个葵花花瓣结合，“葵花向阳
的轮廓跃然眼前。",上午8:30-12:00，下午14:00-17:00,免费,2-3小时,四季皆宜,"市区可乘坐70路、35路、
25路、20路、2路、7路
公交车到达",112.0890593,34.13658746,,,,,,,,,,,,,
洛阳河洛石文化博物馆,,Luoyang Heluo Stone Culture Museum,洛阳河洛石文化博物馆是洛阳市首批的8家民营博物之一，也是洛阳第一家私人奇石博物馆。由中国观赏石协会副会长、中国收藏家协会赏石委员会副主席张建升先生斥资建立，2012年开馆，建筑面积600余平方米。馆中展示的奇石以河洛地区石种为主，包括牡丹石、黄河石、河洛石等。,"
洛阳市瀍河区 ",河南省,洛阳市,"
2012年 ",600,综合,0379-63966888 ,"闫振堂会长积极评价民间博物馆的成立，认为这是洛阳
市民间收藏事业的大发展，是收藏家们回馈全社会、
全人类的财富。",石刻、奇石、书画,2216,大唐第一花,"　　此石的珍贵之处在于首先它是
一方河道原石，没有经过任何加工，是自然形成的；其次是它身上偶然天成的红色，红色的牡丹原石非常罕见，可谓是极品。

",10：00-21：00，全年开放,免费,2小时内,四季皆宜,"市内乘22路公交至民俗博物馆站牌下车即到
",112.495168,34.68533,,,,,,,,,,,,,
洛阳唐三彩陶艺博物馆,,Luoyang tri colored pottery museum,洛阳唐三彩陶艺博物馆是一一家以唐三彩为主题的专题性博物馆。位于河南省洛阳市中心经济区，王城公园西门对面，博物馆以仿唐风格设计，典雅大气、严肃庄重。馆内汇聚了唐代时期各种经典造型的唐三彩，这些作品主要分为四大类：人物、马匹、骆驼、器皿。传承三彩艺术，弘扬民族文化，展示唐三彩发展成就，促进以唐三彩为龙头的文化事业与文化产业的可持续发展，是创办洛阳唐三彩博物馆的根本宗旨。馆内现有文物真品10余件，以汉代到宋元时期的陶瓷珍品为主，真实而形象地展现了唐三彩从起源、兴盛到衰落的发展历程；同时还有高馆长精心制作的高仿作品180余件，人物、马匹、骆驼、器皿均有涉及，全面展现了盛世大唐的风采。,"
河南省洛阳市西工区涧东路3号 ",河南省,洛阳市,"
2011年",暂无,"
历史",0379-63341918,馆内拥有一批流失海外的“作品”，这些作品是馆长高水亲赴美国、德国、日本等地通过各种摄影器材将文物原型记录下来，回国后将其复制出来，以这样的方式将宝“带”回来的。,"人物、马匹、骆驼、器皿类型唐
三彩",190,《中国马》,"此作品是作者按照文物真品比例采用传统
手工技艺制作、经柴窑烧制而成的唐三彩
高仿艺术品。该马白色胎质，通体施以黑
釉，鞍饰用经典的黄绿白三色加以点缀，
在庄重中透露清新，大气里散发高贵。
马匹鞍饰俱全，雕饰华丽，马鬃齐整，
额鬃分流，双耳后抿，颈若弯弓。神满
气足，膘肥体壮，四肢劲键，似走欲奔。
唐代时期，黑色釉料来自于西域，非常
稀有名贵，专供皇家贵族所用，该马通
体施以黒釉，可见该马原型在当时之尊
贵。真品创作于盛唐时期，1977年洛阳市关林唐墓遗址出土，业界为之震惊，堪称绝世珍品，誉称“中国马”，",9:00—19:00，全年开放（周一闭馆）,免费,1小时内,四季皆宜,"市区乘10路公交车下车
即到",112.427613,34.66940899,,,,,,,,,,,,,
洛阳牡丹瓷博物馆,,Luoyang Peony porcelain Museum,"洛阳牡丹瓷博物馆2012年2月，由市文物局、市民政局批准成立。是洛阳首批8家民营博物馆之一。2012年5月5日，洛阳牡丹瓷博物馆在洛阳市牡丹宫揭幕，标志着国内首家牡丹瓷博物馆正式成立。洛阳牡丹瓷博物馆已被认定为“国家文化产业示范基地”和“洛阳工业旅游标准化示范基地”。
2013年8月，洛阳牡丹瓷博物馆搬迁至洛阳老城区丽景门，并重新开馆。 ","河南省洛阳市洛
龙区安乐镇 ",河南省,洛阳市,"
2013年8月",3000,文化,0379-63286777,2012年5月5日，洛阳牡丹瓷博物馆在洛阳市牡丹宫揭幕，标志着国内首家牡丹瓷博物馆正式成立。洛阳牡丹瓷博物馆已被认定为“国家文化产业示范基地”和“洛阳工业旅游标准化示范基地” ,"宋代牡丹纹瓷枕、红绿彩牡丹碗、
牡丹绢绣、洛阳牡丹瓷",暂未找到,艳珠争润,"长50cm，宽50cm。作品以荷花为题，
夏日清风，碧波荡漾，如诗曰 “翻风
舞影层层碧， 别是柔情一种幽”，蓝
色荷花在绚丽的色彩之下显得高贵典
雅，争先恐后的生长也表现出了极强
的生命力，丝毫不失荷花清廉的尊贵
之态，传达了一种美好的祝愿，瓷韵
花魂，亘古美丽。","上午08:30—12:00，下午14:00—17:30
周一到周六开放（周日、法定节假日闭馆）
",免费,1-2小时,四季皆宜,"市内乘坐15路、33路、53路、55路、57路、58 路、65路、66路、69路、76路、81路、92路、93路公交车在鑫华化工防水市场站（龙门大道乐天路口站）下车，向东1000米路北牡丹宫即到
",112.4933064,34.6484325,,,,,,,,,,,,,
洛阳驿站博物馆,,"
Luoyang Station Museum ","
洛阳驿站博物馆是洛阳市首批民营博物馆之一，是我国第一个关于驿站文化的专题性博物馆，也是目前为止规模最大的驿站博物馆。洛阳驿站博物馆以洛阳历史名驿——周南驿为蓝本，展示邮驿文化、馆驿文化、官府文化。馆内收藏各类石雕、木雕、古家具、古匾等文物217件，洛阳驿站博物馆是中外游客领略河洛文化和馆驿文化的重要场所，也是展示洛阳文化的一颗明珠。","洛阳新区政和路
与金城寨街路口 ",河南省,洛阳市,"
2012年4月6日 ",暂无,文化,0379-65998888 65550111,"我国是世界上最早建立组织传递信息的国家之一，邮
驿历史虽长达3000多年，但留存的遗址、文物并
不多。周南驿是中国历史上最早的驿站之一。","各类石雕、木雕、古家具、古匾
等文物",2000,鼓楼,"是驿站的标志性建筑，鼓楼在当时有三大
功能：站岗远望、值更报时、传鼓报捷。沿楼梯而上，仿佛能听见明代那驿道急促的鼓声，再望四方，万千景象尽收眼底：揽进河湖，渔帆点点，高塔耸立；在观平畴，禾稼葱葱，绿野无边；南看通衢，车轮浓浓，昼夜不息；日新月弄，真令人心旷神怡。",上午9：00-11:30，下午14:30-18:00，全年开放,免费,2-3小时,四季皆宜,"乘坐37路、70路丹尼斯站下车
",112.452227,34.627874,,,,,,,,,,,,,
洛阳三彩艺术博物馆,,Luoyang tricolor Art Museum,物馆将采用现代化的展示设备及展示方式，既能够使观众近距离清晰地观瞻洛阳三彩艺术，又能够给观众提供体验三彩工艺的实践操作，进一步发扬洛阳三彩艺术，使洛阳三彩艺术广泛流布，为洛阳文化产业和洛阳国际旅游文化名城建设服务。,"
洛阳市老城区金叶路丽景门瓮城内 ",河南省,洛阳市,"
2012年3月 ",600,文化,0379-63980979,“洛阳三彩艺术博物馆”以中国陶瓷艺术大师郭爱和创立的“洛阳三彩”学说（在三彩前冠以“洛阳”二字，明确地体现出洛阳是三彩发源地的地理属性，涵盖“唐三彩”及其它三彩艺术，体现三彩这一艺术体系的历史演变过程）为基础，并以其二十多年来的“三彩艺”釉画作品及不同时期的“洛阳三彩”藏品为主体，使公众对“洛阳三彩”有全面及全新的了解：洛阳三彩——“流光溢彩烁古今”。,洛阳三彩,暂未找到,"
三彩载丝骆驼 ","该骆驼通体主施黄釉，头顶、驼峰、颈
下、前肢上部及驼尾施白釉。骆驼呈昂首嘶鸣状，牙齿和舌头刻画的栩栩如生，四肢劲健有力、力量十足；骆驼背垫彩毯，峰驮兽囊，载有水壶、食品、丝绸等物，执着跋涉于“丝绸之路”。",8:00-22:00 (1月1日-12月31日 周一-周日),免费,1小时内,四季皆宜,"市区可乘坐20路、45路、58路、22路、53路、4路、101路、16路、49路、65路、18路、8路、9路、5路公交车到达
",112.443703,34.63021298,,,,,,,,,,,,,
洛阳金石文字博物馆,,uoyang Jinshi character Museum,洛阳金石文字博物馆成立于2012年3月，是继中国文字博物馆后唯一一家由民营资本创建的文字类专题博物馆，由朱晓杰、朱晓辉两兄弟斥资兴建，位于洛阳市龙门大道1号（中国国花园内）。博物馆主要从事文字类文物的收藏、保护、研究、展示和交流，展馆内采用实物资料和图文解说等形式，布展内容大体按照汉字史的序次排列，主要以两汉、魏晋、隋唐、宋元、等成熟期文字为主。现有文字类文物及标本2000余件，涵盖了中华文明不同的历史时期、不同的历史地域，是研究中国古代翰墨文章、书法艺术的资料宝库。,"
洛阳市龙门大道1号（中国国花园内）",河南省,洛阳市,"
2012年3月 ",暂无,历史,18739085858 13643887347,洛阳金石文字博物馆是唯一一家民营资本创建的文字类专题博物馆,汉晋刻文砖铭、北魏削文瓦铭、历代碑刻及金石学史料等,2000,东汉刻文砖铭,"系以汉代素面废弃城砖为材质，以某种
利器自右向左单刀刻成，这种刻法使砖文在很大程度上失去了笔墨韵味，形成了一种刚劲秀挺、质朴自然的金石味。与当时碑刻上的隶书不同，它没有蚕头燕尾的变化，也无明显的波磔用笔，更不具备像《熹平石经》、《礼器碑》、《曹全碑》等那种左右规矩、法度森严的风貌，这是一种既不同于汉代碑刻又不同于简牍帛书的隶书书体，是一种纯使用的、未加修饰的书法风貌，其唯一的书写意识就是从简，这也是形成这些砖铭天真质朴、自然洒脱的重要原因。",上午8:30—12:00，下午14:00—18:00，全年开放（周一闭馆）,免费,2-3小时内,四季皆宜,"乘33路、52路、53路、55路、57路、58路、61路、65路、66路、69路、76路、78路、81路、93路到洛阳桥南龙门大道果园路口下车进入中国国花园向西150米即到
",112.473437,34.66787548,,,,,,,,,,,,,
洛阳爱心书法博物馆,,"
Luoyang love calligraphy Museum ",洛阳爱心书法博物馆由刘毓国创建，于2012年4月9日正式开馆，洛阳市政府授牌成立的第一批八家民营博物馆之一，是洛阳第一个关于书法类的专题性博物馆。洛阳爱心书法博物馆开馆后，将成为融墨迹收藏、艺术展览与拍卖、艺术创作与交流、旅游观光为一体的艺术平台。洛阳爱心书法博物馆将成为传承中华文化的桥梁，传播书法艺术的基地传达爱心义举的纽带，成为更多书法爱好者的精神家园,"
洛阳市中州中路399号 ",河南省,洛阳市,"
2012年4月9日 ",3000,文化,13937997778,"洛阳市老城区刘毓国经过一年多的筹备，成立了“洛阳爱
心书法博物馆”，该馆成为洛阳市政府授牌成立的第一批八家民营博物馆之一",书法作品,2000,书法家张海的作品,暂无,"9：30—17：00，全年开放（周一
闭馆）",免费,2小时内,四季皆宜,市区乘39路、95路公交车,112.4445858,34.6763513,,,,,,,,,,,,,
洛阳唐艺金银器博物馆,,Luoyang Tang art gold and silver Museum,洛阳唐艺金银器博物馆于2012年2月获得河南省文物局审批，2012年4月中国牡丹文化节期间挂牌成立。洛阳唐艺金银器博物馆位于洛阳市洛龙区白马寺附近，唐艺金银器博物馆收藏金银器具之多、器具跨历史年代之久、文物不同的领域风格特色，历史阶段工艺文化的博大精深。洛阳唐艺金银器博物馆是洛阳首批民办博物馆之一，是由洛阳市收藏家王亚强集多年收藏所创办。该馆是河南省首家以金银器为特色的专业性民办博物馆。,"洛阳市洛龙区白马
寺镇白马寺寺院西侧50米",河南省,洛阳市,"
2012年4月 ",展厅两层,文化,0379-63780203,"洛阳唐艺金银器博物馆于2012年2月获得河南省文物局审
批，2012年4月中国牡丹文化节期间挂牌成立。洛阳唐艺金银器博物馆位于洛阳市洛龙区白马寺附近，是河南省首家以金银器为特色的专业性民办博物馆。",金银茶具、饮食器具、古代饰品等,200,兽面纹金牌饰,"长101毫米，宽76毫米，重97克，兽脸
阔，舌短、似桃形，顶端呈“山”字造型，造型别致，纹理清晰，是发现的为数稀少且独具特色的战国时期金器代表。","上午9：00-11:30，下午14:30-18：00
全年开放
",免费,1小时内,四季皆宜,"56、58、87、91路公交车白马寺站下车即到
",112.6076443,34.7282336,,,,,,,,,,,,,
洛阳真不同水席博物馆,,Luoyang really different water mat Museum,洛阳真不同水席博物馆是我第一个关于饮食的专题性博物馆，也是目前为止规模最大的水席博物馆，洛阳水席始于唐代，历经1300多年，是中国迄今保留下来历史最久远的名宴之一，与龙门石窟、洛阳牡丹并称为“洛阳三绝”。,"洛阳市老城区中州东
路359号洛阳市老城区中州东路359号",河南省,洛阳市,"
2013年3月30日 ",400,"
文化",0379-63955787,"洛阳水席始于唐代，已有1300多年的历史，是迄今为止保留下来最古老、洛阳真不同水席博物馆(20张) 
特色、最完整的一套宴席。由于它隆重典雅、风味独特、选料广泛精细、烹制极为讲究、味道鲜美多样，口感舒适爽利，博得古今中外宾客赞誉，多年来真不同饭店广大厨师在继承传统烹饪技艺的基础上，积极开拓，潜心研制，对洛阳水席的品种和结构进行提升改造，使之更臻丰富完美。,所谓水席有两层含义:一是,道道菜离不开汤水;其二是,上一到撤一道,如行云流水一般,故叫水席.",名人字画和碗盏樽碟,400,洛阳水席仿真宴席展柜,"让人们能够从不同角度了解洛阳水席文
化","上午10：30-14：30，下午16：30-20：00
全年开放（周一闭馆）
",免费,1-2小时,四季皆宜,"5路、9路、18路、41路、
42路、53路、58路等",112.483989,34.68907296,,,,,,,,,,,,,
洛阳动漫博物馆,,Luoyang Museum of Animation,中国第一家以计算机、动漫为主题的民营博物馆,"洛阳市涧西区西苑
路48号河南科技大学西苑校区北院10号楼",河南省,洛阳市,2015/4/20,"
2400",行业,13938836963,"2014年4月20日洛阳动漫博物馆与河科大软件学院签订无
偿捐赠意向协议书，知名企业家王长义决定将洛阳动漫博物馆无偿捐赠给河科大软件学院。2014年7月2日，河科大软件学院开始实施洛阳动漫博物馆搬迁建设，并在此基础上创建了河科大动漫专业教育基地。截止2015年4月20日，各项建设工作已基本就绪，洛阳动漫博物馆重新开馆。","动漫邮票，动漫文献史料，动漫大
师珍贵手稿和各国动漫角色手办",8,十二生肖俑,"亦称十二生辰俑。是代表地支的十二种动
物俑。常见于隋、唐、五代及宋墓中。隋唐时期胎质多为灰陶、红陶，亦有青瓷制品。俑的形像，其中有的是人俑带生肖，十二种动物前足攀在人俑头上，后足踏在肩上；有的是人身生肖头，有的是人捧生肖。其姿态有的是立姿，有的为坐姿。",上午8：30~11:30；下午1:30~5:00；周一闭馆 ,免费,2-3小时,四季皆宜,"市区可乘75路、101路、70路在河南科技大学附近下车，步行即到
",112.380651,34.67136797,,,,,,,,,,,,,
洛阳龙门博物馆,,"
Longmen Museum ",建造于这一灵秀之地的龙门博物馆以佛教为专题，主要收藏、展示、研究佛教文化器物。,"洛阳市龙门石窟世
界文化遗产园区北
入口",河南省,洛阳市,2003年,10000,"
文化",0379-69928089,"中华文明肇自河洛，河洛文明悠久辉煌；中国佛教迄自东
汉北朝极盛，唐集大成；洛阳欤，有力焉！龙门博物馆以收藏、保护、研究、展示中国佛教艺术，特别是龙门石刻艺术为主，同时极力宣扬河洛文明。",重要佛教文化遗存，造像，题记,10000,陶楼,"此藏品为东汉文物。分为主楼与副楼。
主楼前用墙围成院落，前墙中部有一横长方形大门，置双扇门扉。两侧有凸起的门框，并各出一挑梁，上置斗拱。前墙两角各出一柱，柱头上做出对称的双阙形式，阙置四阿顶，覆瓦垄，顶下作成叠涩倒方锥形。",每日9：00—17：00，全年开放,免费,3-4小时,四季皆宜,"乘坐81、60、53、99路公
交车到龙门石窟终点站",112.4833263,34.56808325,,,,,,,,,,,,,
洛阳老雒阳饮食文化博物馆,,"Luoyang Laoluoyang Food Culture Museum
",洛阳老雒阳饮食博物馆馆长王天喜介绍，作为我市21家经省文物局批准设立的专业性博物馆之一，其中有不少是我们平时难得一见的老祖宗吃饭的家什，让人感受到中华饮食文化的渊远流长和博大精深，饮食文化是河洛文化的重要组成部分。,"涧西区青岛路与西苑
路交会处",河南省,洛阳市,2013/11/2,560,历史,0379-64935666,"这些历经沧桑的传世藏品，展示了古人在饮食生活方面的
睿智和讲究，体现了中华饮食文明的源远流长和博大精深。","石器、铜器、陶器、瓷器、玉器、
银器、铁器、木器、漆器和竹器等
10大类",623,彩绘四层木制食盒,彩绘四层木制食盒,上午10：30-14：30，下午16：30-20：00全年开放,免费,2-3小时,四季皆宜,14路，63路，70路，75路,112.3919691,34.66495788,,,,,,,,,,,,,
洛阳老龙门农家博物馆,,"Luoyang Old Longmen Farm Museum

","洛阳老龙门农家博物馆以洛阳老龙门农家饭庄为支撑，主体藏品以“农”为主，事关民生的农具、农产品、农作物，它是河南省内第一家以农业为主博物馆。 
","洛龙区龙门大道
西古龙路(原李屯路)
与龙门大道交叉口西50米",河南省,洛阳市,2013/8/1,28666,行业,"0379—65950666
13526955558","该馆主要从事农业、民俗、餐饮等相关藏品的收藏、
保护、研究、展示和交流。布展藏品以“农”为主，展
示农耕文明中的百姓生活，突出农耕文化特点和器物制作成就。","农具、农产品、
农作物",1000,司马秤,司马秤也叫戥(děng)子，在清代流行，一种小型的秤，是旧时专门用来称量金银等贵重物品和香料的精密衡器。戥子是按1斤等于16两设计的，因用料考究，做工精细，技艺独特，很受收藏爱好者的青睐。,9:30—14：00，16:30—21:00,免费,3-4小时,四季皆宜,"60路、53路、81路、87路
等公交车在龙门海洋馆站下
车，向西50米",112.480944,34.597034,,,,,,,,,,,,,
洛阳古典红木家具博物馆,,"uoyang Classical Mahogany Furnitu
re Museum
","洛阳古典红木家具博物馆总投资8900万元，建筑面积3200平方米，馆内展品以明清、民国传统红木家具和新古典红木家具为主。拥有明清古典红木家具藏品200余件、新古典红木家具1000余件，馆内6件明清展品被省文物局鉴定为国家三级文物。
","河南省洛阳市瀍河回
族区G310",河南省,洛阳市,2013/8/1,3200,"
文化","0379—6086106
6","该馆以弘扬中国传统文化为理念，以中国古典红木家
具、尤其是明清时期红木家具和新古典红木家具为主要展示内容，展示中国明清时期传统家具制作艺术和家具文化，并通过定期举办专题讲座、举办洛阳红木家具展等方式，搭建一个古典红木家具欣赏、交流的平台，弘扬和展示传统家具文化。","明清、民国传统红
木家具和新古典红木家具",1200,清黄花梨茶几,"明清传统红木家具集中国传统建筑
榫卯结构和古代书画及雕刻艺术于
一体，更融入儒学与禅理的内涵，
实现了审美与实用的高度统一，
达到了空前的艺术境界，享誉国内
外，成为我国家具史上的巅峰。明
清家具以贵重的紫檀、酸枝、鸡翅
黄花梨等红木为原料，纹理优美、
色彩庄重，书画、雕工俱佳，有
朴实自然之美，历来是名流雅士收
藏传世的首选珍品。",9：00—17：00,免费,1-2小时,四季皆宜,"乘87路、91路、56路、58
路公交车到陈村站下车，向西200米，路北",112.5424431,34.71495306,,,,,,,,,,,,,
洛阳树威古瓷鉴藏博物馆,,"Luoyang Shuwei Ancient Porcelain
 Collection Museum
","馆内较全面地展出了明清民间
瓷器的主要种类，系统地展出
了明代各朝的民窑瓷器，系列
化地展出了清代至民国的瓷器
并在全国首次展出明清瓷器上
的传统文化和历史故事，为观
众和收藏爱好者提供了难得的观
赏古瓷藏品、了解传统文化的平台。",洛龙区和西街书香苑小区9号楼10层,河南省,洛阳市,2013/7/1,暂未找到,"
文化",0379—69921812,"瓷器是中国传统文化的载
体，是历史事件、历史人物
历史故事记录和描绘的媒介，如
五伦图、五福捧寿等传统文化，苏武牧羊
文王访贤等事件，“无双谱”、八仙等
人物，陶母教子、伯牙抚琴等历史
故事无不在古瓷器上有所体现。通过
瓷器这一载体和媒介，这些传统文化
和历史故事代代相传。特作为一个专题
展出，旨在传承和弘扬中国传统文化。其中6件明清展品被省文物局认定为国家三级文物","1、明清瓷器主要种类展，分青花瓷器、五彩瓷器、粉彩瓷器、浅绛彩瓷器、
广瓷瓷器、色釉瓷器等展出。
2、明代及明代以前瓷器展，
分明代早期、明代空白期、明代中期、明代晚期四个时期展出。
3、清代民国瓷器系列展，分罐子系列、盘子系列、瓶子系列等展出。
4、专题展：“代代相传的话题”——古瓷器上的传统文化和历史故事。",2000,"明代永乐孔雀绿釉瓷器
标本残盘","洛阳树威古瓷鉴藏博物馆收藏的这片明
代永乐孔雀绿釉瓷器标本盘子器形规整，釉色纯正，盘内心刻有三朵云纹，云纹外饰两条模压五爪龙，龙呈赶云行走状。五爪龙为皇宫享用纹饰，该标本显然是官窑瓷器。","上午9：00—12:00，下午
14：30—17:00，

全年开放（周一闭馆）",免费,1-2小时,四季皆宜,"市区可乘坐10路、79路
公交车",112.4374143,34.59994719,,,,,,,,,,,,,
洛阳古雒斋艺术博物馆,,"Luoyang Gulozhai Art Museum
","弘扬宣传河洛文化、组织各类社会教
育活动、举办传拓学习班、举办文化
讲座、学术沙龙、筹办富有地方特色的展览活动","洛阳市孟津县麻屯
镇（董村）金水大
道1号",河南省,洛阳市,暂未找到,600,"
文化",15038601177,"古雒斋艺术博物馆藏有一方珍贵的五代碑刻，后梁
故陈州刺史、赠司空王辂新茔记并尊胜陀罗尼经碣。墓主人葬于后梁开平四年五月七日（910年6月16日）享年55岁；墓志铭撰、书者济南伏琛；碑阳，大梁故王公新茔记；碑阴，佛顶尊胜经碣；碑高1.6米，碑宽65厘米，铁笔是有名的玉册官李延辉。碑侧；勾当茔庄、前陈州元从押衙马琮，同勾当十将赵洪。该碑个头硕大，书法优美，线刻飞天栩栩如生，志文补文献之阙。",藏中国古代名人墓志拓片312张，明、清及民国地契320余张和地方志书1500多册。,2112,窦牟墓志拓片,"该墓志于2005年12月在洛阳出土，志
题“唐故朝散大夫守国子司业上柱国扶风窦公墓志铭并序”，著名文学家、政治家韩愈撰文，窦庠书丹。该志史料价值很大，多补《昌黎先生集》之缺。窦牟，字贻周，其弟窦庠与韩愈都是中唐时期的著名诗人，全唐诗中保存有他们彼此唱和的精彩篇章。此志可见韩愈与窦氏兄弟之间交情深厚。","每天上午9:00—12：00，下午
14：00—17:00
全年开放（周一闭馆）

",凭身份证及有效证件免费参观,3-4小时,四季皆宜,"83路公交车隆华节能站
下车即到",112.3754077,34.76513179,,,,,,,,,,,,,
嵩县嵩州古灯博物馆,,"Songzhou Ancient Lantern Museu
m, Songxian County
","嵩州古灯博物馆（古灯斋）由王现
贞先生创办，始建2011年5月，现
有展品一千一百件。嵩县嵩州古灯
博物馆于2013年8月经过河南省文
物局考察、审核批准成立。",洛阳嵩县白云大道翠山街路口,河南省,洛阳市,2011/5/1,1000,"
文化",13938855656,"宋代青铜鹤衔灵芝烛台是宋代王爷们案
头上用的，古代的统治者认为有龙、凤、
鹤的灯等级较高，普通老百姓用不起。",以古灯为专题，收藏有古灯1100多盏，古灯年代从夏、商至明、清、民国等。材质分为石、陶、铁、铜、瓷、木、纸等50多个品种。造型各异，有童子举灯、升官灯、夫妻灯、鹤灯、行军灯、莲花灯等，呈现了一部历代灯具演变史。,1100,明三彩夫妻烛台,"明三彩夫妻烛台，王现贞认为其脚
踩青蛙，寓意多子多孙，手抱莲花
寓意百年好合。","上午8:00-12:00，下午14：00-18：
00
全年开放（周一闭馆）",凭身份证及有效证件免费参观,2-3小时,四季皆宜,"县城坐1，2路城市公交车
到花坛下车即到

",112.1005686,34.14231511,,,,,,,,,,,,,
新安县河洛当代碑林博物馆,,"Songzhou Ancient Lantern Museu
m, Songxian County
","洛阳河洛当代碑林博物馆位于新安县
北冶镇碾坪村，珍藏着百余块当代碑
刻，涵盖隶书、篆书、楷书、行书、
草书等字体，内容包括名家书法作品
及诗文名篇。洛阳河洛当代碑林博物
馆占地2.5亩，内墙四周为500米的碑廊。","洛阳市新安县北
冶镇碾坪村",河南省,洛阳市,2013年,1666,"
文化",13937952292,"碑廊除了刻石文字外，也不乏精美
的石刻壁画。敦煌莫高窟中
的“飞天”羽衣飘飘，吉祥天女
敦煌舞伎生动形象，壁画变成了碑刻，虽没
有颜色绚丽的霓裳羽衣，却有着立体
可见的灵动身姿。","珍藏着百余块当代碑刻，涵盖隶
书、篆书、楷书、行书、草书等
字体，内容包括名家书法作品及
诗文名篇",350,"北宋黄庭坚《砥柱铭》行
书刻石",黄庭坚是宋代四大书法家之一，他于1095年前后以行书抄录唐代魏征的《砥柱铭》，卷长8.24米，是黄庭坚书法的代表作之一。,"上午8：00—12：00，下午14：00
—18：00

全年开放（周一闭馆）

",凭身份证及有效证件免费参观,1小时内,四季皆宜,暂无,112.1406097,34.73438333,,,,,,,,,,,,,
洛阳志成酒器博物馆,,Luoyang Zhicheng Wine Museum,"瓷器、陶器等与酒有关的器具，展现了河
洛地区乃至全国酒文化产生和发展历史，
以及中外酒文化交流融合的历史印记。馆
内设有书画院、“志成新安窑”体验馆及
服务。是洛阳晚报小记者夏令营教育基地、新安县实验小学实践教育基地。","河南省洛阳市新安
县郁山国家森林公
园",河南省,洛阳市,2014年,2600,"
文化","13700819207 
13938853952","馆内珍藏万余件历代酒器，由馆长王志成先
生集20多年心血打造而成。","馆内收藏有中外酒器、名人字画
奇石根艺等上万件（套）",10000,汉代青铜匜(yí),"匜，是中国先秦时代汉族礼器之一，
用于沃盥(guàn，泛指洗)之礼，为
客人洗手所用。其形制有点类似于
现在的瓢，前有流，后有鋬(pàn，
器物侧边供手提拿的部分)。为了防
止置放时倾倒，在匜的底部常接铸
有三足、四足，底部平缓一些的无足。",9：00—17：00（周一闭馆）,凭身份证及有效证件免费参观,1小时内,四季皆宜,"在新安县新城乘3路公交车
到土古洞温泉山庄下车，向
南200米即到",112.4594213,34.62426278,,,,,,,,,,,,,
洛阳保险文化博物馆,," Luoyang Insurance Culture Museu
m
","共设中国古代保险思想、吉祥物蕴含保险
寓意、清朝末年保险开办、民国民族保险
崛起、新中国人民保险兴办、改革开放中
的保险业、世界保险之窗、百幅保险书画
展等8个展区，展出包括报刊、保单、邮
品、火花、宣传画、书画、影像等各类与
保险相关的展品千余件，全部展品均系洛
阳大地财险前总经理张天福个人藏品。",高新区创业路与鸿都路口宏矗时代公寓2楼,河南省,洛阳市,2011/4/8,492,行业,暂无,"各个时代，不同公司的保险单、从清末到现代的各
式保险广告，甚至还有保险工作用的相机和摩托车，不来到这所展馆，完全无法想象保险这个行业蕴含这么多内容。张天福告诉记者，他参加工作起，就一直从事保险工作，1984年开始，本着对保险业的热爱，他开始一点一滴的收藏有关保险的一切东西，2011年4月，便在这所普通的民居里建立起保险文化博物馆，至今已经收藏千余件藏品。","馆藏有现代保险历史文化沿革中
的报刊、书籍、保险单、股票、
月份牌(广告)、印纸(税票)、邮
票、徽章、门票、宣传画、书画
影像等十余种门类的藏品。",2000,"20世纪50年代汽车
险保险单","该馆较为系统的展示了中国保险业的发
展历程和保险文化，为公众搭建了一处认识保险、了解保险、学习保险的平台",周一到周五,凭身份证及有效证件免费参观,1小时内,四季皆宜,暂无,112.4137991,34.63460887,,,,,,,,,,,,,
洛阳胜利唐白瓷艺术博物馆,,"Luoyang Shengli Tang White Porce
lain Art Museum
",洛阳瓷器文化源远流长，唐白瓷是洛阳陶瓷史上的华丽篇章。作为国内首家唐白瓷主题博物馆，洛阳唐白瓷艺术博物馆不仅展示了唐白瓷的发展脉络和悠久历史，更能让参观者体会到唐白瓷技艺的传承和创新，切身感受到唐白瓷独特的艺术魅力。,"龙门大道与李屯路
交叉口向西100米",河南省,洛阳市,2013年,15000,文化,0379-65550555,"是中国第一家系统陈列展示唐代官窑白瓷的历史渊
源、传统技艺、文物珍品、高仿复制和现代创意产业发展的高端民营博物馆。","分为古代窑口缩微展示区、陶瓷
文物展示区、大师艺术精品展示
区、传统手工艺展演区、特色工
艺品旅游纪念品展示区和迎宾接
待服务区等8个主题展区。",1470, 花开富贵,"这幅作品上的牡丹枝叶繁茂，昭示着事
业蒸蒸日上；盛开的牡丹雍容馥郁，寓
意生活美好。作品采用平面与立体相结
合、国画与西画相结合、传统与现代相
结合，体现出全方位、多层次的唐白瓷
新艺术表现形式。",周一至周五8:00—17:30,凭身份证及有效证件免费参观,1-2小时,四季皆宜,"可乘53路、60路、67路、
71路、80路、81路、89
路到洛阳天九集团站下车",112.4922026,34.68645686,,,,,,,,,,,,,
洛阳洛卫军品博物馆,,"Luoyang Luowei Military Museum
","洛阳洛卫军品博物馆是经河南省文物局批
准的首家军事类民营博物馆，博物馆2005 年建馆以来先后接待20余万人次，博物馆现馆藏从红军时期到现在三大类九个品种8000余件革命文物。博物馆现有展厅七个，分别是红军时期展厅、抗战时期展厅、日军侵华罪证厅、解放战争厅、抗美援朝厅、军服标志厅、英模厅。","洛阳市西工区红山
乡上寨村（310国
道华山路交叉口向
西1公里）",河南省,洛阳市,2005 年,暂无,历史,"0379-69973331
 13526908140","馆长王洛卫退伍后，怀着对军营的热爱，走
上了军品收藏之路。十几年来，他跑遍大
江南北收集军品，先后收集到包括新四
军手缝的臂章，志愿军服装证、军装、军帽、
帽徽、肩章等多件实物。随着军品的不断增多，
他干脆把自己家改装成了博物馆，对外免费展出。
现馆藏人民军队从红军时期抗战时期解放战争时期抗
美援朝时期等至今的不同历史时期革命文物
五大类8000余件。","博物馆现有展厅七个，分别是红
军时期展厅、抗战时期展厅、
日军侵华罪证厅、解放战争厅、
抗美援朝厅、军服标志厅、英模
厅。",8000,鸭江日记,"这是志愿军战士赵景祥在朝鲜战场上的
日记，记录了其在朝鲜战场上战斗、训练、生活、学习的情景。日记中写道：“于1952年10月14日，上甘岭战斗开始，英雄有黄继光、牛保才……”王洛卫推测，赵景祥可能是黄继光的战友","上午9：00—11:30，下午14:00—
16:00，全年开放",凭身份证及有效证件免费参观,1-2小时,四季皆宜,"火车站、谷水西乘51路公交
车上寨下车即到",112.388152,34.713579,,,,,,,,,,,,,
洛阳华源艺术博物馆,,"Luoyang Huayuan Art Museum
","洛阳华源艺术博物馆藏品包括300余件文
物和300余幅现代中国画。馆藏文物以汉
唐时期的陶瓷器为主，精美的汉代釉陶、
画彩器，唐代崇尚的胖妞画彩俑、色彩
绚丽的唐三彩、优雅的青瓷，都是当时
劳动人民的智慧结晶。馆藏中国现代画作
多以现代著名艺术家作品为主，主要为人
物画，着力于揭示人的精神世界。","洛阳市西工区华源
财富广场B座15楼",河南省,洛阳市,"2015年3月
29日",600,文化,0379-65285098,"该馆兼具文物收藏展览、学术研究、社会教育等
功能，为市民搭建了一处鉴赏汉唐陶瓷文物精品、品评艺术画作的平台","馆藏文物以汉唐时期的陶瓷器为主
汉代陶瓷器涵盖家居饮食、休闲娱
乐等方面，反映了汉代劳动人民丰
富的想象力；唐代文物则主要为唐
三彩，展现了唐朝的盛世景象。书画",6000,汉代褐釉盘口铺首衔环加彩人物陶壶,"该陶壶高43.5厘米，口径23厘米，壶身
最宽处直径37厘米，侈口、束颈、鼓腹、矮筒形平底足，口至腹部有两道边纹，腹部对称塑造两个硕大铺首，虎虎生威，造型敦厚古朴。

　　此壶的特殊之处是，壶身一周在制作时用彩料勾绘几个姿态各异的人物，虽经千年仍能清晰看到因烧制显出的人物画痕迹，由此或可推断，壶上的人物画为早期的釉上彩。","9:00—17:00，全年开放（周日闭
馆）",凭身份证及有效证件免费参观,1-2小时,四季皆宜,"33路、52路、53路、61路、
65路、76路、81路，定鼎
立交桥北站下车",112.4685909,34.67927347,,,,,,,,,,,,,
洛阳星月紫砂文化博物馆,,"Luoyang Crescent Red Sand Culture
 Museum
","洛阳星月紫砂博物馆建筑面积400平方米，
有现代紫砂展厅、南瓜田园展厅、竹子特
色展厅、民国时期展厅、清朝时期展厅、
明朝时期展厅和珍品展厅7个展厅，共展
出该博物馆馆长马宗林潜心收藏的150余
件紫砂壶精品，涵盖了上至明代时期，
下至近现代时期的紫砂精品，其中不乏
中国紫砂壶制壶大师顾景舟、陈鸣远、惠
孟臣等人的佳作。清代南瓜紫砂壶、清代
树墩高壶是该馆镇馆之宝。

","洛阳市瀍河区东
关大街原东关派出
所对面",河南省,洛阳市,"
2015年4月8日","400
",文化,"13721684356 
18137960900","主要展品为洛阳回族知名人士马宗林先生多年来
收藏的紫砂精品",紫砂壶,500,清代南瓜紫砂壶,"该壶高15厘米、宽20厘米，底部款
识为“陈鸣远”。陈鸣远为清初康熙年间人，字鹤峰、鹤屯，石霞山人，又号壶隐，出生于宜兴上袁村的紫砂世家。其父陈子畦是清代制壶名匠。他技艺精湛，善于创新，作品工艺精、古趣强，尤其善于自然类型紫砂壶的制作","上午：9:00—11:30，下午：14:30
—18:00

全年开放（周一闭馆）

",凭身份证及有效证件免费参观,1小时内,四季皆宜,"5/K5路、22路、23路、
18/K18路环线、41路、
K56路、恒大专线、58
路、K9路、16路、42路等",112.4594213,34.62426278,,,,,,,,,,,,,
洛阳钟鼎青铜艺术博物馆,,"Luoyang Zhongding Bronze Art
 Museum
","洛阳钟鼎青铜艺术博物馆成立于2014年
3月，由原洛阳钟鼎古代艺术研究所所长、
青铜器复仿制专家李家琪先生集多年收藏
并出资创办，也是河南省文物局批准的第
一家以青铜器为主旨的专题性民办博物馆   
","高新区滨河北路与
合欢路交叉口北50
米",河南省,洛阳市,2014/3/1,"800
",文化,13603798158,"介绍，博物馆方通过各种途径，搜集数据资料，
把我国流失在美、日、德、法等国博物馆的数十件文物复制出来，其中包括鸟兽纹觥等珍品。",青铜器,333,"牛尊
叔牝（pìn）方彝","“牛尊”，又名牺尊，是古代的一种盛
酒器，出现于殷墟晚期，沿用至西周早
期。由于出现的时间不长，数量也不多
所以非常珍贵。","周一到周六上午9：00——12：00
下午14：00——至16：30
节假日期间博物馆另行通知",凭身份证及有效证件免费参观,1-2小时,四季皆宜,"25路、28路、35路、59路
70路公交车可达附近",112.4594213,34.62426278,,,,,,,,,,,,,
洛阳白河书斋晁氏藏书博物馆,,"Luoyang Baihe Study Cao collection
 Museum
","白河书斋晁氏藏书博物馆是中国首家民间
藏书博物馆。主馆设于洛阳汉魏故城定鼎
门,教育分馆设于伊滨区洛阳师范学院校区
展出面积共1200平方米。馆藏文物36000件。以博物馆创办人晁氏家传及四十余年藏中国古籍文献为主。上起秦汉,下至新中国建立,跨越三千余年。五千余件历代金石文字拓本,再现了中国文化的珍贵遗存,记录了数千年沧桑历史;三万余册古籍文献囊括了一大批",主馆位于洛阳市洛龙区政和路，定鼎门社区大楼三楼；分馆位于洛阳市伊滨区洛阳师范学院历史学院校区,河南省,洛阳市,2014/9/1,600,历史,13903793355,"该馆为市民提供了一处了解珍贵历史书籍的场
所，为古籍爱好者搭建了交流平台，将不断促进河洛文献研究的发展",古籍文献,30000,伊阙佛允碑唐,"高480厘米、宽190厘米.贞观十五年(公
元641年)刻于河南洛阳龙门石窟宾阳洞内。由中书侍郎岑文本撰文褚遂良书。正文共32行，满行51字。计1600余字。碑文主要记述唐太宗第四子魏王李泰为其母文德皇后长孙氏死后做功德而开凿。是碑为早期传世褚书的代表作，唐代名碑，清代中期拓本流传稀少
","9：00—17：00，全年开放（周一
闭馆）",凭身份证及有效证件免费参观,1小时内,四季皆宜,乘29路、97路公交车可达,112.469117,34.627711,,,,,,,,,,,,,
洛阳无篱园石雕艺术博物馆,,"Luoyang Wu Liyuan Stone Carving
 Art Museum
","共设五个展厅：第一展厅为汉代、唐代陶
器、砖、墓志铭等；第二展厅为历代名碑、泰山刻石拓片；第三展厅为当代书法作品馆长王荣立的书法、刻字作品；第四展
厅为精品石雕，由北齐造像题记，经幢、
石佛造像，汉石雕墓门，石壁画等；第五
展厅为民俗实用木器，包括顶子床、条几、八仙桌、匾额、木雕、竹雕等。展馆收藏汉代、唐代、明代、清代和民国时期石雕及瓷器等共504件，几乎涵盖了陈设观赏和家庭实用的所有器型。

","洛阳市伊滨区佃庄
镇金钟寺工业区",河南省,洛阳市,2015/10/1,3500,文化,0379-69613668,"这个博物馆由馆长王荣立自行设计、施工，总投资
600余万元，占地面积约3500平方米。经过数十年收藏，现有藏品504件，品种多种多样，几乎涵盖了陈设观赏和家庭实用的所有器形。博物馆整体设计吸收了苏州园林及徽派建筑风格，建有亭、台、楼、阁、厅、堂、轩、廊之人文景观。整个博物馆从设计到建成历时两年","设五个展厅：第一展厅为汉代、唐代
陶器、砖、墓志铭等；第二展厅为历
代名碑、泰山刻石拓片；第三展厅
为当代书法作品及馆长王荣立的书
法、刻字作品；第四展厅为精品石
雕，由北齐造像题记，经幢、石佛
造像，汉石雕墓门，石壁画等；第
五展厅为民俗实用木器，包括顶子
床、条几、八仙桌、匾额、木雕、
竹雕等。",504,北齐石造像,"该北齐石造像高108厘米、宽84厘米
厚24厘米，三面均雕刻有佛像造型。据专家鉴定，这件石造像应为大型菩萨石雕右侧的护法造像，与龙门石窟部分佛像风格一致，具有较高的研究价值和艺术价值。","上午：9:00——12:00，上午：14:00
——17:30

",凭身份证及有效证件免费参观,1小时内,四季皆宜,"市内乘坐86路、90路公交车
金钟寺站下车即到。龙门高
铁乘坐920路公交车金钟寺
下车即到

",112.4594213,34.62426278,,,,,,,,,,,,,
洛阳古陶文化博物馆,,"uoyang Ancient Pottery Culture Museum
",王现贞介绍，博物馆占地面积1500平方米，收藏仰韶文化时期至明清民国时期的陶器2000余件，藏品包括鼎、豆、灶、罐、瓶、圈等，用于饮食、观赏、陪葬、祭祀等方面造型典雅精巧，质感细腻光滑。藏品按年代大致可分为4个阶段：夏商周时期、秦汉时期宋金元时期、明清时期。,"洛阳嵩县白云大道
翠山街路口",河南省,洛阳市,暂无,"1100
",文化,0379-65233520,"陶器是华夏文明最初的一道曙光。从远古到现代，
经历火与泥熔炼的陶器，一直是中华儿女重要的生产和生活器皿，镌刻着人类丰富的精神情感和文化脉络",收藏、展示、研究古陶为主,2000,早期陶鬲(lì),"古代汉族炊器，新石器时代晚期出现，胎质坚硬，器壁较厚，表面打磨光滑。

　　中国商周时期陶鬲继续流行，形状多为侈(chǐ)口，圆腹，三个袋状足，有的颈部有双耳，用于煮食。

　　","上午8：00—12：00

下午14：00—18：00

全年开放（周一闭馆）


",凭身份证及有效证件免费参观,2小时内,四季皆宜,"县城坐1，2路城市公交车
到花坛下车即到",112.4594213,34.62426278,,,,,,,,,,,,,
洛阳汉画艺术博物馆,,"Luoyang Han Painting Art Museum
","洛阳汉画艺术博物馆位于天子驾六古玩
城老城店四楼，是一家以展示汉代画像砖、石和拓片为主的民营博物馆。",洛阳市中州东路397号,河南省,洛阳市,暂无,暂无,文化,15896620711,"内容囊括了汉代社会生活的方方面面，涵盖历史故
事、神话传说、星象图识、车骑出行、舞乐百戏、武术搏击等",汉代画像砖、石和拓片为主,300,汉画像石拓片《女娲》,从洛阳汉画艺术博物馆收藏的汉画像石拓片《女娲》上，可见女娲人头蛇身，穿着汉代服装，如果忽略蛇身，她就是一位美丽的汉代女子,"上午8:30—12:00，下午14:00—
18:00，
全年开放（周一闭馆）

",凭身份证及有效证件免费参观,1小时内,四季皆宜,暂无,112.4594213,34.62426278,,,,,,,,,,,,,
洛阳汉林古代珍藏博物馆,,"Luoyang Hanlin ancient
 Collection Museum","通过展览，让参观者欣赏到不
同时期、不同种类、纹饰多样
的精美文物，感受源远流长、
影响深远的中华传统文化，
了解中华民族光辉灿烂的
历史文明。

","洛龙区学府街
洛阳第一高级
中学图书馆内",河南省,洛阳市,2014年,13000,文化,0379-69913288,以洛阳为中心的河洛地区是人类的重要发祥地之一。伊川穆店、临汝张湾、渑池任村、洛阳凯旋路等发现的旧石器时代遗存，说明在三十万年前我们的祖先就生息、繁衍在这块土地上。从偃师二里头到涧河东岸二十公里范围内分布的五大都城遗址，是洛阳四千年沧桑巨变的里程碑,"一是明清木雕类展厅，
二是青铜及古钱币展厅，
三是高古瓷器展厅。",5200,"唐代画彩骆驼
唐代三彩马
元代天蓝釉铭文碗 等等","唐三彩马是唐三彩陶器中最常见的题材。
一般作为随葬品，在唐代非常盛行。唐
朝末年，由于国力日衰，三彩陶器生产
开始逐步萎缩，包括三彩马在内的器物
质量大不如前。宋辽时期各地仍有三彩
作坊存在，但工艺和装饰已与唐代三彩
器有了明显的不同。","9：00—17：30，
全年开放","凭本人居民身
份证及有效证
件免费参观",2小时内,四季皆宜,"市内乘72路、
95路公交车",112.441064,34.603299,,,,,,,,,,,,,
洛阳上阳宫文化博物馆,,"Luoyang Shangyang palace
 culture museum","集保管收藏、陈列展示、科学研究、
文化交流于一体，国家三级博物馆。
主体馆位于上阳宫观风殿建筑组团内，由文物馆、珍宝馆及室外大型石刻文物展区等部分组成。","洛阳市西工区滨
河北路上阳宫文
化园内",河南省,洛阳市,2019/4/22,暂无,文化,0379-60660697,上阳宫，唐代离宫之一，高宗时建于洛阳，地处东都洛阳皇城西南、禁苑（隋朝的西苑）之东。上元年间，唐高宗在此处理朝政。公元705年，武则天被儿子唐中宗逼迫退位，之后就居住在上阳宫，直至驾崩。安史之乱时，上阳宫被严重破坏，此后逐渐荒废,"文物馆、珍宝馆及
室外大型石刻文物
展区等",700,唐代白瓷罐,暂未找到,"上午8：30-12：00，
下午14:30-17:30，
全年开放（周一闭馆）

","免费开放，
凭身份证及
有效证件参观",1-2小时,四季皆宜,"市区可乘坐10路、
79路公交车",112.433902,34.65243285,,,,,,,,,,,,,
洛阳百年留声博物馆,,"Luoyang Centennial Liusheng
 Museum","传承红色基因，用声音铭记历史。
洛阳百年留声博物馆收藏20世纪以来各种留声机140台，1880年以来老唱片18000余张（筒），中外经典彩色黑白电影胶片12000余部，其中1978年以前的《新闻简报》电影拷贝近2000余部，它记录了我国从1880年到1990年一百多年的声音和影像历史。洛阳百年留声博物馆在八路军驻洛办事处纪念馆常态化展出“气壮山河”抗战歌曲唱片（史料）展，共陈列展出抗战期间留声机70台，抗战时期发行的老唱片129张，歌曲总和918首，史料77件。2017年6月洛阳百年留声博物馆被洛阳市社科联命名为第一批“洛阳市社会科学普及基地”","洛阳市老城区治安
南街8号院（主馆）
洛阳市九都东路222号洛八办院内（分馆）",河南省,洛阳市,2015年,400,文化,13663889987,"　57岁的张建洛是土生土长的洛阳人，曾在广西边防服役。“那时候就对收藏老唱片、老留声机及战争年代的军品等老物件产生了浓厚的兴趣。”

　　老兵情怀鼓动着张建洛不停地搜罗抗战老歌曲、老唱片。2015年，洛阳百年留声博物馆建成，成为河南首家民营声音博物馆",留声机，老唱片,20140,"16个版本的
《义勇军进行曲》","16个版本的《义勇军进行曲》中，最早
的版本是1935年电影《风云儿女》中的
插曲，最珍贵的为1941年美国黑人歌唱
家保罗·罗伯逊演唱的版本，这也是首张
由外国人用汉语演唱的中国革命歌曲唱片。","上午9：00—12：00，
下午14：30—17：00
全年开放（周一闭馆）

","凭本人居民身
份证及有效证
件免费参观",2-3小时,四季皆宜,"5路、18路、30路、34路、
53路（主馆）
7路、16路、17路、23路、
57路（分馆）",112.4594213,34.62426278,,,,,,,,,,,,,
洛阳九朝刻石文字博物馆,,"Luoyang nine dynasties
 inscription Museum","一家以展示古代石刻与拓片为主的博物馆，
共3层600平方米，展览主题分为历代刻石拓片、元代至民国时期珍贵拓本、精选汉晋砖志，以及刻石印章和工具四部分。馆内收藏了自东汉至民国时期的历代石刻及拓片360种、元代至民国时期的珍贵拓本20种、汉晋砖志35种、刻石印章140种。刻石拓片以展示齐运通编著，中华书局出版的《洛阳新获七朝墓志》登载的藏品拓片为主，刻石拓本以展示元拓颜真卿多宝塔碑贴等传世旧拓为主，砖刻文字部分以东汉至东晋时期砖拓文字为主，刻石印章部分以齐运通所存历年印章原石为主。除此之外，还藏有不少功德碑，十余副石刻楹联也是该馆的一大色。游客在此不仅能欣赏到古代文字与书法艺术，而且能了解其背后一段段鲜为人知的历史。","洛阳市瀍河区马
坡古玩城",河南省,洛阳市,2017年,600,文化,13838807378, 洛阳，素有“九朝古都”的美誉，东周、东汉、曹魏、西晋、北魏、隋、唐、后梁、后唐等朝代先后建都于此。过去，洛阳周围出土大量历朝的碑刻，很多没有受到保护而散落别处。为了保护这些珍贵的石刻文物，宣传古都洛阳悠久的历史文化，齐运通以个人之力筹办这座洛阳九朝刻石文字博物馆,以展示古代石刻与拓片为主,360,"大燕赠魏州都督严复墓
志铭拓片","安史之乱之大燕赠魏州都督严复，
墓志铭拓片，严复乃安禄山狗头军师，
安史之乱的谋划匪首，此志文对深入研
究安史之乱有极高的价值，中书舍人赵骅，撰文，朝议郎彭城县，刘秦，书，丁玩，李谊，刻字","上午9：00—12：00，
下午14：30—17：00
全年开放（周一闭馆）",免费开放,3-4小时,四季皆宜,"从洛阳汽车站进入道南路--环城北路--平等街--五股路--北盟路--连天线--沐霖路，从沐霖路到洛阳九朝刻石文字博
物馆",112.504766,34.72907496,,,,,,,,,,,,,
洛阳平乐正骨博物馆,,Luoyang Pingle Zhenggu Museum,国内首家正骨博物馆。以洛阳平乐正骨技艺和正骨文化为展示主题，将洛阳平乐正骨历代传人使用、收藏的中医正骨文物和正骨技艺展示给世人，让社会公众走近平乐正骨这一国家级非物质文化遗产，了解、认知平乐中医正骨技艺的传承发展历史和平乐正骨历代传人济世救人的医者仁心，以弘扬中国传统中医正骨文化，推动洛阳平乐正骨技艺发展，繁荣中国传统中医文化事业。展厅面积约800平方米，主要展示藏品有平乐正骨历代传人使用过的古本医学典籍、药辗、药瓶、药罐、戥子等428件，明正德年间、清康熙至乾隆等时期医书古籍168册，平乐正骨传人民国时期的医学笔记和新中国成立后的著作、讲义、病案、著作手稿等计159册，还有平乐正骨历代传人使用、收藏的中医正骨的相关文物和生活用品,"洛阳市瀍河区东花
坛正骨医院南100
米",河南省,洛阳市,2015年,800,文化,0379-65199836,该馆以洛阳平乐正骨技艺和正骨文化为展示主题，将洛阳平乐正骨历代传人使用、收藏的中医正骨文物和正骨技艺展示给世人，让社会公众走近平乐正骨这一国家级非物质文化遗产，了解、认知平乐中医正骨技艺的传承发展历史和平乐正骨历代传人济世救人的医者仁心，以弘扬中国传统中医正骨文化，推动洛阳平乐正骨技艺发展，繁荣中国传统中医文化事业。,"以洛阳平乐正骨技艺和正骨文化
为展示主题",755,清代中医柜台,,"上午8：00—12：00，
下午14：00—18：00
全年开放（周一闭馆）

",免费参观,2-3小时,四季皆宜,"乘坐9、41、56、58、64、
79、85路公交车，至熙春
西路站下车即到",112.5102216,34.69678763,,,,,,,,,,,,,
洛阳石画艺术博物馆,,Luoyang Stone Art Museum,洛阳石画艺术博物馆占地面积4002平方米，建筑面积2600平方米，展厅面积1200平方米，现有藏品300件（套），是以收藏、展示、研究石画艺术为主的专题博物馆。馆长是中国石画艺术创始者、石画艺术家杨中有。博物馆以“大美自然”“山水情怀”“人文精神”“石画创作”为主题，共展出数百幅杨中有创作的石画作品。一幅幅作品将中国传统绘画技艺与石材的天然纹路巧妙结合，青山、绿水、朝阳、帆船、松柏、飞鸟等在石面上悉数呈现，石上有画，画中有石，惟妙惟肖。,"洛阳市高新区滨河
北路35号",河南省,洛阳市,2016年,4002平方米,文化,0379-64181188,  洛阳石画艺术博物馆成立于2016年3月，在原杨中有石画艺术馆的基础上改造而成，建筑面积4002平方米，展厅面积1200平方米。场馆面积1200平方米，藏品数量300，陈列内容，主要展出原创石画作品，全免费开发。洛阳石画艺术博物馆的前身是杨中有石画艺术馆，馆长是中国石画艺术创始者、石画艺术家杨中有。,石画,300,《云峰祥瑞图》,1楼展厅中的《云峰祥瑞图》绘制在一整块长2.5米、宽1.5米的大理石上，石面上一道道天然形成的平面纹路经过绘制，变成了嶙峋的山峰。一眼看去，层峦叠嶂，极富立体感，山水亦“入石三分”。,"08:30—17:30
全年开放（周一闭馆）

",免费参观,2-3小时,四季皆宜,暂无,112.4594213,34.62426278,,,,,,,,,,,,,
洛阳市洛阳铲博物馆,,Luoyang shovel Museum,"
洛阳市洛阳铲博物馆占地面积660平方米，建筑面积820平方米，展厅面积440平方米，现有藏品308件（套），以“系统展示洛阳铲系列藏品，用文字、图片、音像、实物等多种展示相结合的方式，多角度展示了洛阳铲在各个历史时期于考古、水文地质勘探、业生产、文物普探、工程建设、科学探险等多方面的广泛用途。对于全新正确认识洛阳铲在世界各地对人类社会文明发展过程中的巨大贡献，弘扬中华民族光辉灿烂的历史文化有重大作用。",位于伊滨区吉庆路6号洛阳师范学院历史文化学院内,河南省,洛阳市,2018年,660,文化,18637954213,“洛阳铲”因出自洛阳而得名。洛阳是华夏文明的发源地之一，有着极其丰富的地下文物资源。伴随着地下文物探秘应运而生的“洛阳铲”，在经历了发展、定型与创新之后，以其操作方便、经济实用、效率高、破坏性小等优点，在全国的重大考古发掘中屡建奇功，发挥了无可替代的作用。,涵盖洛阳铲的雏形期、发展期、成熟期和演变期，收藏有各种形制的洛阳铲、考古用品和考古出土文物,300,"考古报废铲头

　　",暂无,"上午8：00—12：00，
下午14：00—18：00
全年开放（周一闭馆）

",免费参观,1-2小时,四季皆宜,暂无,112.433957,34.715013,,,,,,,,,,,,,
洛阳伊龙砖雕艺术博物馆,,"Luoyang Yilong brick carving 
art museum",人物故事、祥禽瑞兽、仙花芝草、世俗生……置身伊河河畔的伊龙砖雕艺术博物馆内，品味被镌刻在青砖上的文化，《四美图》《鱼跃龙门》《二十四孝》《文昌点斗》《五子登科》《松下对弈》《东坡爱竹》《东坡画竹》……随手可触一段段鲜活的生活场景。伊龙砖雕艺术博物馆占地20余亩，博物馆建筑面积为780㎡，包括文物库房、办公区、展厅、文物保护技术区、公众服务区五大部分，其中展厅面积为500㎡。收藏由汉代至近代砖雕320件（套），按年代可分为两大类：其中汉代至清 210件 ，近代 113 件。,"洛阳市龙门大道龙
门北桥向南200米",河南省,洛阳市,2017年,13333,文化,18903796599,砖雕是古代汉族建筑雕刻中一种重要的艺术形式，形成于北宋，盛行于明清，先民常通过砖雕表达对美好生活的向往,砖雕,320,《魁星点斗》,这件砖雕作品由20余块青砖雕刻作品组成，整件作品保良好，为清代末期的作品,"上午9：30—14：00，
 下午18：00—20：00
周一到周五开放

",免费参观,1小时内,四季皆宜,60路，81路，53路，99路,112.435094,34.41818199,,,,,,,,,,,,,
洛阳烟云涧青铜工艺博物馆,,"Luoyang yanyunjian 
Bronze Art Museum",洛阳烟云涧青铜艺术博物馆是以收藏、展示、研究中国古代青铜铸造工艺及相关的专题性博物馆。馆内收藏了各个时期经典造型的青铜器复仿制品，现有藏品330件（套）。通过实物、图文等形式，详细介绍了中国各个历史时期的青铜器制作技艺特点，全面展示了中国青铜器的发展历程。,"洛阳市伊川县烟涧
村北头",河南省,洛阳市,2010年,暂无,文化,13603886636,烟涧村是一个以制作仿古青铜器闻名全国的古老村落，该村制作青铜器有3000多年的历史。早在夏、商、周时期，烟涧村一带就被王室列为祭祀的宝地，也是青铜器祭器的烧制地，附近曾出土夏代的青铜斝(jiǎ)、青铜爵、商代的“子申父己”铜鼎和青铜车等文物。,青铜器复仿制品,330,铜车马模型,暂无,"上午8：00—12：00，
下午14：00—18：00
周一到周五开放

","凭本人居民身份证及有效证
免费参观",1-2小时,四季皆宜,暂无,112.39054,34.32952899,,,,,,,,,,,,,
洛阳华夏香山文化艺术博物馆,,"Luoyang Huaxia Xiangshan 
Culture and Art Museum",洛阳华夏香山文化艺术博物馆场馆面积1500平方米，上下两层。馆内共有藏品300件，主要包括汉代灰陶三足奁、唐代白胎陶马、兽面白胎镇墓兽、明代持元宝三彩佣、春秋兽足凤纹龙纽平顶盖青铜鼎、汉代青铜机弩、唐代梅花纹青铜镜、宋金灰陶砖雕彩绘二十四孝图、宋金灰陶砖雕花卉》等。,"洛阳市洛龙区龙门
镇龙门石窟龙博两
岸文化广场",河南省,洛阳市,暂无,1500,文化,13603796081,暂无,陶瓷,300,"主要包括汉代灰陶三足奁、
唐代白胎陶马、兽面白胎
镇墓兽、明代持元宝三彩
佣、春秋兽足凤纹龙纽平
顶盖青铜鼎、汉代青铜机
弩、唐代梅花纹青铜镜、
宋金灰陶砖雕彩绘二十四
孝图、宋金灰陶砖雕花卉》等。",暂无,"9：00—17：00，
全年开放（周一闭馆）","凭本人居民身份证及有效证件
免费参观",1小时内,四季皆宜,"81、53、60、99路终点
站向南步行1公里",112.483209,34.567437,,,,,,,,,,,,,
洛阳华夏金石文化博物馆,,"Luoyang Huaxia Jinshi 
Culture Museum",洛阳华夏金石文化博物馆展厅面积500平方米，研究教学场地200平方米，藏品数量400件套，主要收藏民国之前洛阳出土的墓志、碑刻拓片，龙门石窟造像题记、佛经拓片，金文、甲骨文拓片，中国高古陶瓷及各大窑口标本。,"洛阳市西工区人民
东路华夏文博城五楼",河南省,洛阳市,暂未找到,700,文化,0379-61106227,暂无,"主要收藏民国之前洛阳出土的墓志、
碑刻拓片，龙门石窟造像题记、佛
经拓片，金文、甲骨文拓片，中国
高古陶瓷及各大窑口标本。",400,北魏冯邕之妻元氏墓志拓片, 出土地点：1926年洛阳城西东陡沟村西出土。曾归洛阳郭玉堂，后为固始许光宇藏。不久石运北京，售于日本某人。　,"上午9：00—12：00，
下午14：00分—17：00（夏季）
14：30—17：30（冬季），
全年开放（周一闭馆）","凭本人居民身份证及有效证件
免费参观",1-2小时,四季皆宜,"21、23、2、16路到人民东
路站下车即到",112.451702,34.67840295,,,,,,,,,,,,,
洛阳华夏文房文化博物馆,,Luoyang Huaxia Culture Museum,洛阳华夏文房文化博物馆是一家位于洛阳市涧西区辽宁路世纪华阳5号，以收藏展示汉唐至宋元高古砚为主，兼及古代笔墨和与文房有关其他文物，备案文物358件套。基本陈列为《龙龟砚魁——汉唐宋元名砚展》，共展出历代名砚260余方。其中“汉代青石盘龙砚”、“唐代人首龟身红陶澄泥砚”、长23厘米的“唐代紫端箕形砚”、“苏轼铭文绿端矩形砚”、“黄任铭文紫端石鼓砚”，为海内孤品，备受业界推崇。,洛阳市涧西区辽宁路世纪华阳5号,河南省,洛阳市,2017/7/4,1561.37,文化,13629808288,该馆的数件古砚藏品雕工奇绝，乌龟的颈、腿肌理刻画细致入微，尤其是龟首，或昂扬向天，或侧伸探路，眼睛鼓凸，精光逼人。洛阳华夏文房文化博物馆自2017年7月4日正式开馆以来，坚持免费开放，截至目前已接待参观者逾6.2万人次。,"以汉唐宋元名
砚为主",358,"汉代盘龙砚、
唐代人首龟身砚
唐代箕形砚等","灵龟（人首龟身）澄泥砚，唐代。高12厘米、长22厘米。郑州市华夏文化艺术博物馆藏。

唐代澄泥砚的造型，主要为南北朝以来流行的箕形砚、凤字砚，也有模仿两汉以来的龟形砚、石渠砚等。在唐代澄泥砚中，龟形砚需要在模制的基础上进行进一步的艺术雕刻，不是一般工匠所能够从事的，因此属于稀有的高档品种。","上午9：00—12：00，
下午14：00—17：00（夏季）
14：30—17：30（冬季），
全年开放（周一闭馆）",免费,2小时内,四季皆宜,"32路到丽新路辽宁路口
下车",112.4157432,34.65856933,,,,,,,,,,,,,
洛阳华夏酒文化博物馆,,"Luoyang Huaxia Wine 
Culture Museum",我国首家从事酒文化研究与传承的专题性博物馆。通过展示我国酿酒历史、酒文化典故、酿酒工具和器皿以及各种陈年老酒和新酿酒，各式美酒品尝体验，让公众走近华夏酒文化，了解中华酒文化的发展历史，推动酒文化的发展繁荣，传承中华传统历史文化。博物馆建筑面积897平方米，陈列展览面积500平方米，展品主要包括茅台、杜康、仰韶、五粮液等建国以来生产的各种名酒，各类珍藏红酒、洋酒以及各类酒器，如陶酒缸、陶瓷酒壶等，总计615件/套。,"洛阳市新安县磁涧
镇石人洼村",河南省,洛阳市,2001年,897,文化,15729081666,是张志强先生自筹资金，在洛阳市文博专家的指导下创办,"建国以来生产的各种名酒，各类珍
藏红酒、洋酒以及各类酒器",615,"茅台、杜康、仰韶、五粮液等建国以来生产的各种名酒
酒器：如陶酒缸、陶瓷酒壶等，",暂无,"上午9：00—12：00，
下午14：00分—17：00（夏季）
14：30—17：30（冬季）
全年开放（周一闭馆）","凭本人居民身份证及有效证件
免费参观",1-2小时,四季皆宜,暂无,112.27021,34.64018902,,,,,,,,,,,,,
洛阳市瀍河古代艺术品博物馆,,"Luoyang Ancient Art
 Museum of Fuhe",以古代陶瓷为主的文化艺术展馆，数百件精美的青铜器，陶器，玉器，书画为我们复原了一个标志五千年古代艺术品的文化长廊。瀍河古代艺术博物馆以收藏古代陶瓷、古代石刻文字、碑帖、明清书画等古代艺术品为主。现有藏品1000余件。展览根据藏品类别分为五部分，展厅面积450平米，展出文物300余件。,"洛阳市瀍河区塔西
花园南院16排12号",河南省,洛阳市,2017年,450,文化,18637958100,暂无,"古代陶瓷、古代石刻文字、
碑帖、明清书画等",1000,清代木雕狮子,暂无,"9：00—17：00，
全年开放（周一闭馆）
","凭本人居民身份证及有效证件
免费参观",2-3小时,四季皆宜,恒大专线,112.0994907,34.14574302,,,,,,,,,,,,,
偃师市白云居耕读博物馆,,Yanshi Baiyun residence farming reading Museum,白云居耕读博物馆位于偃师伊水南岸、白云岭下的顾县镇顾县村，占地面积640余平方米，为四进院落，院内两栋低层砖混建筑，北楼地上两层，南楼设地下室三间，地上两层。展馆主题包括金石、民俗两部分，金石部分刻历代名帖及姓氏396方；民俗部分收藏生产、生活、匠作遗物展出436件。,"偃师市顾县镇顾
县村",河南省,洛阳市,2017年,640,文化,18538800396,”白云居”这个名字是因为顾县镇背靠白云岭而得，民俗馆朱漆大门，门楼古色古香，分为农业生产、祖辈岁月•家谱书契、近代书法石刻、父兄年代•子孙生活、历代名篇石刻•兰亭八柱、百家姓•偃师籍43家书法等六个展区。,金石、民俗,832,百家姓碑刻,暂无,"9：00—17：00，
全年开放（周一闭馆）","凭本人居民身份证及有效证件
免费参观",2小时内,四季皆宜,暂无,112.7964214,34.73379662,,,,,,,,,,,,,
